GRAVEDAD,FECHA,AÑO,HORA,JORNADA,DIA_SEMANA,BARRIOS_CORREGIMIENTO_VIA,DIRECCION,ZONA,AUTORIDAD,LAT,LONG,HIPOTESIS,CONDICION_DE_LA_VICTIMA,CLASE_DE_SINIESTRO,LESIONADO,HOMICIDIOS,CLINICA,SITIO,CLASE_DE_VEHICULO,MARCA,MATRICULA,TIPO_DE_SERVICIO,EMPRESA, , .1
DAÑOS,01/24/2020 12:00:00 AM,2020,1899-12-31T14:30:00.000,TARDE,5_VIERNES,BRRIO NUEVO,"CALLE 27 CARRERA 30,35",URBANA,TECNICO,3.52476,-76.30155,ARRANCAR SIN PRECAUCION,NO APLICA,CHOQUE,NO APLICA,NO APLICA,NO APLICA,NO APLICA,AUTOMOVIL,CHEVROLET,CANDELARIA,PARTICULAR,NO APLICA,,
HERIDOS,01/24/2020 12:00:00 AM,2020,1899-12-31T17:45:00.000,TARDE,5_VIERNES,SAN PEDRO,CALLE 38 CARRERA 16,URBANA,TECNICO,3.53395,-76.28834,ANIMALES EN LA VIA,MOTOCICLISTA,CHOQUE SEMOVIENTE,1,NO APLICA,PALMA,NO APLICA,MOTO,KIMCO,FLORIDA,PARTICULAR,NO APLICA,,
HERIDOS,01/24/2020 12:00:00 AM,2020,1899-12-31T19:00:00.000,NOCHE,5_VIERNES,COLOMBIA,CALLE 36 CARRERA 34,URBANA,TECNICO,3.53362,-76.30361,ADELANTAR POR LA DERECHA,NO APLICA,CHOQUE,NO APLICA,NO APLICA,NO APLICA,NO APLICA,CAMIONETA,HONDA,BOGOTA,PARTICULAR,NO APLICA,,
HERIDOS,01/24/2020 12:00:00 AM,2020,1899-12-31T19:00:00.000,NOCHE,5_VIERNES,COLOMBIA,CALLE 36 CARRERA 34,URBANA,TECNICO,3.53362,-76.30361,ADELANTAR POR LA DERECHA,MOTOCICLISTA,CHOQUE,1,NO APLICA,PALMA,NO APLICA,MOTO,HONDA,GUACARI,PARTICULAR,NO APLICA,,
DAÑOS,01/25/2020 12:00:00 AM,2020,1899-12-31T10:00:00.000,MAÑANA,6_SABADO,SEMBRADOR,CALLE 24 CARRERA 19,URBANA,TECNICO,3.5217,-0.00076291,PERDIDA DEL CONTROL,NO APLICA,CHOQUE OBJETO FIJO,NO APLICA,NO APLICA,NO APLICA,NO APLICA,AUTOMOVIL,CHEVROLET,CALI,PARTICULAR,NO APLICA,,
DAÑOS,01/27/2020 12:00:00 AM,2020,1899-12-31T09:00:00.000,MAÑANA,1_LUNES,RECREO,CALLE 24 CARRERA 25,URBANA,TECNICO,3.52156,-76.29716,DESOBEDECER SEÑALES,NO APLICA,CHOQUE,NO APLICA,NO APLICA,NO APLICA,NO APLICA,AUTOMOVIL,CHEVROLET,CALI,PARTICULAR,NO APLICA,,
DAÑOS,01/27/2020 12:00:00 AM,2020,1899-12-31T09:00:00.000,MAÑANA,1_LUNES,RECREO,CALLE 24 CARRERA 25,URBANA,TECNICO,3.52156,-76.29716,DESOBEDECER SEÑALES,NO APLICA,CHOQUE,NO APLICA,NO APLICA,NO APLICA,NO APLICA,CAMIONETA,FORD,BOGOTA,PARTICULAR,NO APLICA,,
DAÑOS,01/25/2020 12:00:00 AM,2020,1899-12-31T21:15:00.000,NOCHE,6_SABADO,SANTA BARBARA,CARRERA 38 CALLE 32,URBANA,TECNICO,3.53042,-76.30772,NO ESTAR PENDIENTE DE LA VIA,NO APLICA,CHOQUE,NO APLICA,NO APLICA,NO APLICA,NO APLICA,AUTOMOVIL,RENAULT,CALI,PARTICULAR,NO APLICA,,
DAÑOS,01/25/2020 12:00:00 AM,2020,1899-12-31T21:15:00.000,NOCHE,6_SABADO,SANTA BARBARA,CARRERA 38 CALLE 32,URBANA,TECNICO,3.53042,-76.30772,NO ESTAR PENDIENTE DE LA VIA,NO APLICA,CHOQUE,NO APLICA,NO APLICA,NO APLICA,NO APLICA,MOTO,AKT,PRADERA,PARTICULAR,NO APLICA,,
HERIDOS,01/25/2020 12:00:00 AM,2020,1899-12-31T14:10:00.000,TARDE,6_SABADO,NUEVO,CARRERA 31 CALLE 22-48,URBANA,TECNICO,3.52102,-76.30272,ADELANTAR POR LA DERECHA,MOTOCICLISTA,CHOQUE,1,NO APLICA,PALMIRA,NO APLICA,MOTO,HERO,PALMIRA,PARTICULAR,NO APLICA,,
HERIDOS,01/25/2020 12:00:00 AM,2020,1899-12-31T14:10:00.000,TARDE,6_SABADO,NUEVO,CARRERA 31 CALLE 22-48,URBANA,TECNICO,3.52102,-76.30272,ADELANTAR POR LA DERECHA,NO APLICA,CHOQUE,NO APLICA,NO APLICA,NO APLICA,NO APLICA,CAMIONETA,CHEVROLET,CALI,PARTICULAR,NO APLICA,,
HERIDOS,01/25/2020 12:00:00 AM,2020,1899-12-31T14:10:00.000,TARDE,6_SABADO,NUEVO,CARRERA 31 CALLE 22-48,URBANA,TECNICO,3.52102,-76.30272,ADELANTAR POR LA DERECHA,NO APLICA,CHOQUE,NO APLICA,NO APLICA,NO APLICA,NO APLICA,BUSETA,IVECO,PALMIRA,PUBLICO,PALMIRANA,,
DAÑOS,01/28/2020 12:00:00 AM,2020,1899-12-31T06:30:00.000,MAÑANA,2_MARTES,OBRERO,CALLE 35 CARRERA 24,URBANA,TECNICO,3.53153,-76.29495,DESOBEDECER SEÑALES,NO APLICA,CHOQUE,NO APLICA,NO APLICA,NO APLICA,NO APLICA,CAMION,HINO,NARIÑO,PUBLICO,NO APLICA,,
DAÑOS,01/28/2020 12:00:00 AM,2020,1899-12-31T06:30:00.000,MAÑANA,2_MARTES,OBRERO,CALLE 35 CARRERA 24,URBANA,TECNICO,3.53153,-76.29495,DESOBEDECER SEÑALES,NO APLICA,CHOQUE,NO APLICA,NO APLICA,NO APLICA,NO APLICA,CAMIONETA,HYUNDAI,PALMIRA,PARTICULAR,NO APLICA,,
HERIDOS,01/24/2020 12:00:00 AM,2020,1899-12-31T17:15:00.000,TARDE,5_VIERNES,MARIACANO,CARRERA 1 CALLE 32C-20,URBANA,TECNICO,3.52801,-76.27741,NO MANTENER DISTANCIA DE SEGURIDAD,MOTOCICLISTA,CHOQUE,1,NO APLICA,PALMIRA,NO APLICA,MOTO,SUZUKI,PALMIRA,PARTICULAR,NO APLICA,,
HERIDOS,01/24/2020 12:00:00 AM,2020,1899-12-31T17:15:00.000,TARDE,5_VIERNES,MARIACANO,CARRERA 1 CALLE 32C-20,URBANA,TECNICO,3.52801,-76.27741,NO MANTENER DISTANCIA DE SEGURIDAD,MOTOCICLISTA,CHOQUE,1,NO APLICA,PALMIRA,NO APLICA,MOTO,HONDA,FLORIDA,PARTICULAR,NO APLICA,,
HERIDOS,01/24/2020 12:00:00 AM,2020,1899-12-31T17:15:00.000,TARDE,5_VIERNES,MARIACANO,CARRERA 1 CALLE 32C-20,URBANA,TECNICO,3.52801,-76.27741,NO MANTENER DISTANCIA DE SEGURIDAD,ACOMPAÑANTE MOTOCICLISTA,CHOQUE,1,NO APLICA,PALMIRA,NO APLICA,NO APLICA,NO APLICA,NO APLICA,NO APLICA,NO APLICA,,
HERIDOS,01/24/2020 12:00:00 AM,2020,1899-12-31T17:15:00.000,TARDE,5_VIERNES,MARIACANO,CARRERA 1 CALLE 32C-20,URBANA,TECNICO,3.52801,-76.27741,NO MANTENER DISTANCIA DE SEGURIDAD,NO APLICA,CHOQUE,NO APLICA,NO APLICA,NO APLICA,NO APLICA,BUS,HINO,YUMBO,PUBLICO,BRASILIA,,
HERIDOS,01/24/2020 12:00:00 AM,2020,1899-12-31T20:00:00.000,NOCHE,5_VIERNES,PARAISO,VIA PALMIRA PRADERA KM 1+300 MTS,RURAL,TECNICO,3.51991,-0.00076277,VEHICULO MAL ESTACIONADO,NO APLICA,CHOQUE,NO APLICA,NO APLICA,NO APLICA,NO APLICA,AUTOMOVIL,RENAULT,CALI,PARTICULAR,NO APLICA,,
HERIDOS,01/24/2020 12:00:00 AM,2020,1899-12-31T20:00:00.000,NOCHE,5_VIERNES,PARAISO,VIA PALMIRA PRADERA KM 1+300 MTS,RURAL,TECNICO,3.51991,-0.00076277,VEHICULO MAL ESTACIONADO,MOTOCICLISTA,CHOQUE,1,NO APLICA,PALMA,NO APLICA,MOTO,AUTECO,LAUNION,PARTICULAR,NO APLICA,,
DAÑOS,01/25/2020 12:00:00 AM,2020,1899-12-31T11:30:00.000,MAÑANA,6_SABADO,CENTRO POBLADO PEREIRA,CALLE 93 71-104,RURAL,TECNICO,3.45622,-76.47528,NO ESTAR PENDIENTE DE LA VIA,NO APLICA,CHOQUE OBJETO FIJO,NO APLICA,NO APLICA,NO APLICA,NO APLICA,CAMION,DODGE,BOGOTA,PARTICULAR,NO APLICA,,
HERIDOS,01/27/2020 12:00:00 AM,2020,1899-12-31T12:50:00.000,TARDE,1_LUNES,BUENOS AIRES,CALLE 35 F CARRERA 6,URBANA,TECNICO,3.5315,-76.2732,DESOBEDECER SEÑALES,NO APLICA,CHOQUE,NO APLICA,NO APLICA,NO APLICA,NO APLICA,AUTOMOVIL,NISSAN,CALI,PARTICULAR,NO APLICA,,
HERIDOS,01/27/2020 12:00:00 AM,2020,1899-12-31T12:50:00.000,TARDE,1_LUNES,BUENOS AIRES,CALLE 35 F CARRERA 6,URBANA,TECNICO,3.5315,-76.2732,DESOBEDECER SEÑALES,MOTOCICLISTA,CHOQUE,1,NO APLICA,PALMA,NO APLICA,MOTO,VICTORY,PRADERA,PARTICULAR,NO APLICA,,
HERIDOS,01/27/2020 12:00:00 AM,2020,1899-12-31T12:50:00.000,TARDE,1_LUNES,BUENOS AIRES,CALLE 35 F CARRERA 6,URBANA,TECNICO,3.5315,-76.2732,DESOBEDECER SEÑALES,ACOMPAÑANTE MOTOCICLISTA,CHOQUE,1,NO APLICA,PALMA,NO APLICA,NO APLICA,NO APLICA,NO APLICA,NO APLICA,NO APLICA,,
HERIDOS,01/27/2020 12:00:00 AM,2020,1899-12-31T12:50:00.000,TARDE,1_LUNES,BUENOS AIRES,CALLE 35 F CARRERA 6,URBANA,TECNICO,3.5315,-76.2732,DESOBEDECER SEÑALES,ACOMPAÑANTE MOTOCICLISTA,CHOQUE,1,NO APLICA,PALMA,NO APLICA,NO APLICA,NO APLICA,NO APLICA,NO APLICA,NO APLICA,,
DAÑOS,01/27/2020 12:00:00 AM,2020,1899-12-31T15:15:00.000,TARDE,1_LUNES,SANTA BARBARA,CALLE 31 CARRERA 44-46,URBANA,TECNICO,3.53003,-76.31395,DESOBEDECER SEÑALES,NO APLICA,CHOQUE,NO APLICA,NO APLICA,NO APLICA,NO APLICA,AUTOMOVIL,RENAULT,SABANETA,PARTICULAR,NO APLICA,,
DAÑOS,01/27/2020 12:00:00 AM,2020,1899-12-31T15:15:00.000,TARDE,1_LUNES,SANTA BARBARA,CALLE 31 CARRERA 44-46,URBANA,TECNICO,3.53003,-76.31395,DESOBEDECER SEÑALES,NO APLICA,CHOQUE,NO APLICA,NO APLICA,NO APLICA,NO APLICA,MOTO,HONDA,GUACARI,PARTICULAR,NO APLICA,,
DAÑOS,01/27/2020 12:00:00 AM,2020,1899-12-31T17:05:00.000,TARDE,1_LUNES,COLOMBIA,CALLE 33 CARRERA 31-74,URBANA,TECNICO,3.53078,-76.3013,ADELANTAMIENTO INDEBIDO,NO APLICA,CHOQUE,NO APLICA,NO APLICA,NO APLICA,NO APLICA,CAMIONETA,HYUNDAI,ENVIGADO,PARTICULAR,NO APLICA,,
DAÑOS,01/27/2020 12:00:00 AM,2020,1899-12-31T17:05:00.000,TARDE,1_LUNES,COLOMBIA,CALLE 33 CARRERA 31-74,URBANA,TECNICO,3.53078,-76.3013,ADELANTAMIENTO INDEBIDO,NO APLICA,CHOQUE,NO APLICA,NO APLICA,NO APLICA,NO APLICA,MOTO,VICTORY,PALMIRA,PARTICULAR,NO APLICA,,
HERIDOS,01/27/2020 12:00:00 AM,2020,1899-12-31T18:15:00.000,NOCHE,1_LUNES,TREBOL,CARRERA 23 CALLE 27,URBANA,TECNICO,3.52386,-76.29507,DESOBEDECER SEÑALES,MOTOCICLISTA,CHOQUE,1,NO APLICA,PALMA,NO APLICA,MOTO,AKT,PRADERA,PARTICULAR,NO APLICA,,
HERIDOS,01/27/2020 12:00:00 AM,2020,1899-12-31T18:15:00.000,NOCHE,1_LUNES,TREBOL,CARRERA 23 CALLE 27,URBANA,TECNICO,3.52386,-76.29507,DESOBEDECER SEÑALES,NO APLICA,CHOQUE,NO APLICA,NO APLICA,NO APLICA,NO APLICA,AUTOMOVIL,NISSAN,BOGOTA,PARTICULAR,NO APLICA,,
HERIDOS,01/27/2020 12:00:00 AM,2020,1899-12-31T18:15:00.000,NOCHE,1_LUNES,TREBOL,CARRERA 23 CALLE 27,URBANA,TECNICO,3.52386,-76.29507,DESOBEDECER SEÑALES,ACOMPAÑANTE MOTOCICLISTA,CHOQUE,1,NO APLICA,PALMA,NO APLICA,NO APLICA,NO APLICA,NO APLICA,NO APLICA,NO APLICA,,
DAÑOS,01/28/2020 12:00:00 AM,2020,1899-12-31T15:25:00.000,TARDE,2_MARTES,VERSALLE S,CALLE 42 CARRERA 30,URBANA,TECNICO,3.53807,-76.29883,CAMBIO DE CARRIL SIN LAS MEDIDAS DE PRECAUCION,NO APLICA,CHOQUE,NO APLICA,NO APLICA,NO APLICA,NO APLICA,MOTO,BAJAJ,EL CERRITO,PARTICULAR,NO APLICA,,
DAÑOS,01/28/2020 12:00:00 AM,2020,1899-12-31T15:25:00.000,TARDE,2_MARTES,VERSALLE S,CALLE 42 CARRERA 30,URBANA,TECNICO,3.53807,-76.29883,CAMBIO DE CARRIL SIN LAS MEDIDAS DE PRECAUCION,NO APLICA,CHOQUE,NO APLICA,NO APLICA,NO APLICA,NO APLICA,MOTO,YAMAHA,LA VIRGINIA,PARTICULAR,NO APLICA,,
HERIDOS,01/28/2020 12:00:00 AM,2020,1899-12-31T14:50:00.000,TARDE,2_MARTES,UNBANIZACION EL BOSQUE,CARRERA 8 CALLE 33,URBANA,TECNICO,3.52843,-76.28212,DESOBEDECER SEÑALES,MOTOCICLISTA,CHOQUE,1,NO APLICA,RAUL,NO APLICA,MOTO,KEEWAY,GINEBRA,PARTICULAR,NO APLICA,,
HERIDOS,01/28/2020 12:00:00 AM,2020,1899-12-31T14:50:00.000,TARDE,2_MARTES,UNBANIZACION EL BOSQUE,CARRERA 8 CALLE 33,URBANA,TECNICO,3.52843,-76.28212,DESOBEDECER SEÑALES,NO APLICA,CHOQUE,NO APLICA,NO APLICA,NO APLICA,NO APLICA,MOTO,KIMCO,EL CERRITO,PARTICULAR,NO APLICA,,
DAÑOS,01/28/2020 12:00:00 AM,2020,1899-12-31T19:00:00.000,NOCHE,2_MARTES,CENTRO,CALLE 31 CARRERA 31 -14,URBANA,TECNICO,3.52845,-76.30204,NO MANTENER DISTANCIA DE SEGURIDAD,NO APLICA,CHOQUE,NO APLICA,NO APLICA,NO APLICA,NO APLICA,AUTOMOVIL,RENAULT,CALI,PARTICULAR,NO APLICA,,
DAÑOS,01/28/2020 12:00:00 AM,2020,1899-12-31T19:00:00.000,NOCHE,2_MARTES,CENTRO,CALLE 31 CARRERA 31 -14,URBANA,TECNICO,3.52845,-76.30204,NO MANTENER DISTANCIA DE SEGURIDAD,NO APLICA,CHOQUE,NO APLICA,NO APLICA,NO APLICA,NO APLICA,MOTO,TONGKO,PALMIRA,PARTICULAR,NO APLICA,,
DAÑOS,01/30/2020 12:00:00 AM,2020,1899-12-31T09:00:00.000,MAÑANA,4_JUEVES,INDUSTRIAL,CALLE 42 CARRERA 35,URBANA,TECNICO,3.53896,-76.3065,NO MANTENER DISTANCIA DE SEGURIDAD,NO APLICA,CHOQUE,NO APLICA,NO APLICA,NO APLICA,NO APLICA,AUTOMOVIL,NISSAN,CALI,PARTICULAR,NO APLICA,,
DAÑOS,01/30/2020 12:00:00 AM,2020,1899-12-31T09:00:00.000,MAÑANA,4_JUEVES,INDUSTRIAL,CALLE 42 CARRERA 35,URBANA,TECNICO,3.53896,-76.3065,NO MANTENER DISTANCIA DE SEGURIDAD,NO APLICA,CHOQUE,NO APLICA,NO APLICA,NO APLICA,NO APLICA,MOTO,SUZUKI,EL CERRITO,PARTICULAR,NO APLICA,,
HERIDOS,01/29/2020 12:00:00 AM,2020,1899-12-31T18:55:00.000,NOCHE,3_MIERCOLES,VERSALLE S,CALLE 42 CARRERA 28-48,URBANA,TECNICO,3.53801,-76.2978,NO MANTENER DISTANCIA DE SEGURIDAD,NO APLICA,CHOQUE,NO APLICA,NO APLICA,NO APLICA,NO APLICA,AUTOMOVIL,CHEVROLET,CALI,PARTICULAR,NO APLICA,,
HERIDOS,01/29/2020 12:00:00 AM,2020,1899-12-31T18:55:00.000,NOCHE,3_MIERCOLES,VERSALLE S,CALLE 42 CARRERA 28-48,URBANA,TECNICO,3.53801,-76.2978,NO MANTENER DISTANCIA DE SEGURIDAD,MOTOCICLISTA,CHOQUE,1,NO APLICA,PALMA,NO APLICA,MOTO,AUTECO,GUACARI,PARTICULAR,NO APLICA,,
DAÑOS,01/25/2020 12:00:00 AM,2020,1899-12-31T12:30:00.000,TARDE,6_SABADO,RECREO,CALLE 23 CARRERA 24,URBANA,TECNICO,3.52065,-76.29589,MAL USO DEL CARRIL,NO APLICA,CHOQUE,NO APLICA,NO APLICA,NO APLICA,NO APLICA,AUTOMOVIL,MAZDA,PALMIRA,PARTICULAR,NO APLICA,,
DAÑOS,01/25/2020 12:00:00 AM,2020,1899-12-31T12:30:00.000,TARDE,6_SABADO,RECREO,CALLE 23 CARRERA 24,URBANA,TECNICO,3.52065,-76.29589,MAL USO DEL CARRIL,NO APLICA,CHOQUE,NO APLICA,NO APLICA,NO APLICA,NO APLICA,BUS,CHEVROLET,PALMIRA,PUBLICO,LINEAS DEL VALLE,,
HERIDOS,01/30/2020 12:00:00 AM,2020,1899-12-31T09:30:00.000,MAÑANA,4_JUEVES,URIBE,CALLE 32 CARRERA 20,URBANA,TECNICO,3.52796,-76.29194,DESOBEDECER SEÑAL,MOTOCICLISTA,CHOQUE,1,NO APLICA,PALMIRA,NO APLICA,MOTO,KIMCO,PALMIRA,PARTICULAR,NO APLICA,,
HERIDOS,01/30/2020 12:00:00 AM,2020,1899-12-31T09:30:00.000,MAÑANA,4_JUEVES,URIBE,CALLE 32 CARRERA 20,URBANA,TECNICO,3.52796,-76.29194,DESOBEDECER SEÑAL,MOTOCICLISTA,CHOQUE,1,NO APLICA,PALMA,NO APLICA,MOTO,AUTECO,GUACARI,PARTICULAR,NO APLICA,,
DAÑOS,01/31/2020 12:00:00 AM,2020,1899-12-31T08:30:00.000,MAÑANA,5_VIERNES,CUIDAD DEL CAMPO,CARRERA 34 CALLE 100,RURAL,TECNICO,3.45791,-76.46425,ADELANTAR CERRANDO,NO APLICA,CHOQUE,NO APLICA,NO APLICA,NO APLICA,NO APLICA,CAMPERO,TOYOTA,NARIÑO,PARTICULAR,NO APLICA,,
DAÑOS,01/31/2020 12:00:00 AM,2020,1899-12-31T08:30:00.000,MAÑANA,5_VIERNES,CUIDAD DEL CAMPO,CARRERA 34 CALLE 100,RURAL,TECNICO,3.45791,-76.46425,ADELANTAR CERRANDO,NO APLICA,CHOQUE,NO APLICA,NO APLICA,NO APLICA,NO APLICA,AUTOMOVIL,CHEVROLET,CALI,PARTICULAR,NO APLICA,,
HERIDOS,01/30/2020 12:00:00 AM,2020,1899-12-31T15:50:00.000,TARDE,4_JUEVES,TREBOL,CALLE 26 CARRERA 21,URBANA,TECNICO,3.52257,-76.29344,DESOBEDECER SEÑALES,MOTOCICLISTA,CHOQUE,1,NO APLICA,PALMIRA,NO APLICA,MOTO,BAJAJ,FLORIDA,PARTICULAR,NO APLICA,,
HERIDOS,01/30/2020 12:00:00 AM,2020,1899-12-31T15:50:00.000,TARDE,4_JUEVES,TREBOL,CALLE 26 CARRERA 21,URBANA,TECNICO,3.52257,-76.29344,DESOBEDECER SEÑALES,MOTOCICLISTA,CHOQUE,1,NO APLICA,PALMIRA,NO APLICA,MOTO,AKT,MANIZALES,PARTICULAR,NO APLICA,,
HERIDOS,01/30/2020 12:00:00 AM,2020,1899-12-31T15:50:00.000,TARDE,4_JUEVES,TREBOL,CALLE 26 CARRERA 21,URBANA,TECNICO,3.52257,-76.29344,DESOBEDECER SEÑALES,ACOMPAÑANTE MOTOCICLISTA,CHOQUE,1,NO APLICA,PALMIRA,NO APLICA,NO APLICA,NO APLICA,NO APLICA,NO APLICA,NO APLICA,,
HERIDOS,01/30/2020 12:00:00 AM,2020,1899-12-31T17:50:00.000,TARDE,4_JUEVES,CUIDADELA,CALLE 29 CARRERA 12 -66,URBANA,TECNICO,3.52466,-76.28589,ADELANTAR INDEBIDO,NO APLICA,CHOQUE,NO APLICA,NO APLICA,NO APLICA,NO APLICA,CAMIONETA,SUZUKI,CALI,PARTICULAR,NO APLICA,,
HERIDOS,01/30/2020 12:00:00 AM,2020,1899-12-31T17:50:00.000,TARDE,4_JUEVES,CUIDADELA,CALLE 29 CARRERA 12 -66,URBANA,TECNICO,3.52466,-76.28589,ADELANTAR INDEBIDO,MOTOCICLISTA,CHOQUE,1,NO APLICA,PALMA,NO APLICA,MOTO,HERO,PRADERA,PARTICULAR,NO APLICA,,
HERIDOS,01/30/2020 12:00:00 AM,2020,1899-12-31T17:50:00.000,TARDE,4_JUEVES,CUIDADELA,CALLE 29 CARRERA 12 -66,URBANA,TECNICO,3.52466,-76.28589,ADELANTAR INDEBIDO,ACOMPAÑANTE MOTOCICLISTA,CHOQUE,1,NO APLICA,PALMA,NO APLICA,NO APLICA,NO APLICA,NO APLICA,NO APLICA,NO APLICA,,
HERIDOS,01/31/2020 12:00:00 AM,2020,1899-12-31T16:15:00.000,TARDE,5_VIERNES,SANTA TERESITA,CALLE 47 CARRERA 35,URBANA,TECNICO,3.54256,-76.30743,NO RESPETAR PRELACION,NO APLICA,CHOQUE,NO APLICA,NO APLICA,NO APLICA,NO APLICA,AUTOMOVIL,NISSAN,CALI,PARTICULAR,NO APLICA,,
HERIDOS,01/31/2020 12:00:00 AM,2020,1899-12-31T16:15:00.000,TARDE,5_VIERNES,SANTA TERESITA,CALLE 47 CARRERA 35,URBANA,TECNICO,3.54256,-76.30743,NO RESPETAR PRELACION,NO APLICA,CHOQUE,NO APLICA,NO APLICA,NO APLICA,NO APLICA,MOTO,AKT,FUSAGASUGA,PARTICULAR,NO APLICA,,
HERIDOS,01/31/2020 12:00:00 AM,2020,1899-12-31T16:15:00.000,TARDE,5_VIERNES,SANTA TERESITA,CALLE 47 CARRERA 35,URBANA,TECNICO,3.54256,-76.30743,NO RESPETAR PRELACION,ACOMPAÑANTE MOTOCICLISTA,CHOQUE,1,NO APLICA,PALMA,NO APLICA,NO APLICA,NO APLICA,NO APLICA,NO APLICA,NO APLICA,,
DAÑOS,01/31/2020 12:00:00 AM,2020,1899-12-31T17:30:00.000,TARDE,5_VIERNES,INDUSTRIAL,CALLE 42 CARRERA 35,URBANA,TECNICO,3.53873,-76.30619,POR ESTABLECER,NO APLICA,CHOQUE,NO APLICA,NO APLICA,NO APLICA,NO APLICA,MOTO,HONDA,ZARZAL,PARTICULAR,NO APLICA,,
HERIDOS,01/31/2020 12:00:00 AM,2020,1899-12-31T17:30:00.000,TARDE,5_VIERNES,INDUSTRIAL,CALLE 42 CARRERA 35,URBANA,TECNICO,3.53873,-76.30619,POR ESTABLECER,NO APLICA,CHOQUE,NO APLICA,NO APLICA,NO APLICA,NO APLICA,MOTO,HONDA,PALMIRA,PARTICULAR,NO APLICA,,
DAÑOS,01/31/2020 12:00:00 AM,2020,1899-12-31T20:20:00.000,NOCHE,5_VIERNES,INDUSTRIAL,CALLE 42 CARRERA 34B-35,URBANA,TECNICO,3.53863,-76.3027,NO MANTENER DISTANCIA DE SEGURIDAD,NO APLICA,CHOQUE,NO APLICA,NO APLICA,NO APLICA,NO APLICA,AUTOMOVIL,CHEVROLET,CALI,PARTICULAR,NO APLICA,,
DAÑOS,01/31/2020 12:00:00 AM,2020,1899-12-31T20:20:00.000,NOCHE,5_VIERNES,INDUSTRIAL,CALLE 42 CARRERA 34B-35,URBANA,TECNICO,3.53863,-76.3027,NO MANTENER DISTANCIA DE SEGURIDAD,NO APLICA,CHOQUE,NO APLICA,NO APLICA,NO APLICA,NO APLICA,CAMIONETA,CHEVROLET,CALI,PARTICULAR,NO APLICA,,
HERIDOS,02/01/2020 12:00:00 AM,2020,1899-12-31T06:30:00.000,MAÑANA,6_SABADO,INDUSTRIAL,CALLE 42 CARRERA 37-38,URBANA,TECNICO,3.53889,-76.3081,GIRAR BRUSCAMENTE,NO APLICA,CHOQUE,NO APLICA,NO APLICA,NO APLICA,NO APLICA,MICROBUS,RENAULT,GUACARI,PUBLICO,NO APLICA,,
HERIDOS,02/01/2020 12:00:00 AM,2020,1899-12-31T06:30:00.000,MAÑANA,6_SABADO,INDUSTRIAL,CALLE 42 CARRERA 37-38,URBANA,TECNICO,3.53889,-76.3081,GIRAR BRUSCAMENTE,CICLISTA,CHOQUE,NO APLICA,1,PALMA,NO APLICA,BICICLETA,NO APLICA,NO APLICA,PARTICULAR,NO APLICA,,
HERIDOS,02/01/2020 12:00:00 AM,2020,1899-12-31T16:50:00.000,TARDE,6_SABADO,VIA AGUACLARA - BUITRERA,KM 4 + 60MTS,RURAL,TECNICO,3.50632,-76.22691,IMPERICIA EN EL MANEJO,NO APLICA,CHOQUE,NO APLICA,NO APLICA,NO APLICA,NO APLICA,AUTOMOVIL,MAZDA,CALI,PARTICULAR,NO APLICA,,
HERIDOS,02/01/2020 12:00:00 AM,2020,1899-12-31T16:50:00.000,TARDE,6_SABADO,VIA AGUACLARA - BUITRERA,KM 4 + 60MTS,RURAL,TECNICO,3.50632,-76.22691,IMPERICIA EN EL MANEJO,MOTOCICLISTA,CHOQUE,1,NO APLICA,RAUL,NO APLICA,MOTO,SUZUKI,GUACARI,PARTICULAR,NO APLICA,,
HERIDOS,02/01/2020 12:00:00 AM,2020,1899-12-31T16:50:00.000,TARDE,6_SABADO,VIA AGUACLARA - BUITRERA,KM 4 + 60MTS,RURAL,TECNICO,3.50632,-76.22691,IMPERICIA EN EL MANEJO,ACOMPAÑANTE MOTOCICLISTA,CHOQUE,1,NO APLICA,RAUL,NO APLICA,NO APLICA,NO APLICA,NO APLICA,NO APLICA,NO APLICA,,
HERIDOS,02/03/2020 12:00:00 AM,2020,1899-12-31T07:35:00.000,MAÑANA,1_LUNES,FRAY LUIS,CALLE 42 CARRERA 45,URBANA,TECNICO,3.53878,-76.31471,NO MANTENER DISTANCIA DE SEGURIDAD,NO APLICA,CHOQUE,NO APLICA,NO APLICA,NO APLICA,NO APLICA,AUTOMOVIL,KIA,CALI,PARTICULAR,NO APLICA,,
HERIDOS,02/03/2020 12:00:00 AM,2020,1899-12-31T07:35:00.000,MAÑANA,1_LUNES,FRAY LUIS,CALLE 42 CARRERA 45,URBANA,TECNICO,3.53878,-76.31471,NO MANTENER DISTANCIA DE SEGURIDAD,MOTOCICLISTA,CHOQUE,1,NO APLICA,PALMA,NO APLICA,MOTO,AKT,PRADERA,PARTICULAR,NO APLICA,,
DAÑOS,02/03/2020 12:00:00 AM,2020,1899-12-31T11:40:00.000,MAÑANA,1_LUNES,CENTRO,CALLE 31 CARRERA 31-60,URBANA,TECNICO,3.52852,-76.30181,PARQUIAR SIN MEDIDAS DE PRECAUCION,NO APLICA,CHOQUE,NO APLICA,NO APLICA,NO APLICA,NO APLICA,AUTOMOVIL,CITROEN,BOGOTA,PARTICULAR,NO APLICA,,