GRAVEDAD,FECHA,AÑO,HORA,JORNADA,DIA_SEMANA,BARRIOS_CORREGIMIENTO_VIA,DIRECCION,ZONA,AUTORIDAD,LAT,LONG,HIPOTESIS,CONDICION_DE_LA_VICTIMA,CLASE_DE_SINIESTRO,LESIONADO,HOMICIDIOS,CLINICA,SITIO,CLASE_DE_VEHICULO,MARCA,MATRICULA,TIPO_DE_SERVICIO,EMPRESA, , .1
HERIDOS,02/11/2020 12:00:00 AM,2020,1899-12-31T18:00:00.000,NOCHE,2_MARTES,URIBE,CALLE 34 CARRERA 23,URBANA,TECNICO,3.53057,-76.29416,DESOBEDECER SEÑAL,MOTOCICLISTA,CHOQUE,1,NO APLICA,PALMIRA,NO APLICA,MOTO,AKT,CALI,PARTICULAR,NO APLICA,,
HERIDOS,02/11/2020 12:00:00 AM,2020,1899-12-31T18:00:00.000,NOCHE,2_MARTES,URIBE,CALLE 34 CARRERA 23,URBANA,TECNICO,3.53057,-76.29416,DESOBEDECER SEÑAL,ACOMPAÑANTE MOTOCICLISTA,CHOQUE,1,NO APLICA,PALMIRA,NO APLICA,NO APLICA,NO APLICA,NO APLICA,NO APLICA,NO APLICA,,
HERIDOS,02/11/2020 12:00:00 AM,2020,1899-12-31T18:00:00.000,NOCHE,2_MARTES,URIBE,CALLE 34 CARRERA 23,URBANA,TECNICO,3.53057,-76.29416,DESOBEDECER SEÑAL,ACOMPAÑANTE MOTOCICLISTA,CHOQUE,1,NO APLICA,PALMIRA,NO APLICA,NO APLICA,NO APLICA,NO APLICA,NO APLICA,NO APLICA,,
HERIDOS,02/12/2020 12:00:00 AM,2020,1899-12-31T09:50:00.000,MAÑANA,2_MARTES,NUEVO,CALLE 22 CARRERA 30-23,URBANA,TECNICO,3.52054,-76.30227,CAMBIA CON O SIN INDICACION,NO APLICA,CHOQUE,NO APLICA,NO APLICA,NO APLICA,NO APLICA,MOTO,SUZUKI,PALMIRA,PARTICULAR,NO APLICA,,
HERIDOS,02/12/2020 12:00:00 AM,2020,1899-12-31T09:50:00.000,MAÑANA,2_MARTES,NUEVO,CALLE 22 CARRERA 30-23,URBANA,TECNICO,3.52054,-76.30227,CAMBIA CON O SIN INDICACION,CICLISTA,CHOQUE,1,NO APLICA,PALMIRA,NO APLICA,BICICLETA,GIAN,NO APLICA,PARTICULAR,NO APLICA,,
DAÑOS,02/12/2020 12:00:00 AM,2020,1899-12-31T12:30:00.000,TARDE,2_MARTES,SANTA ISABEL,CALLE 42  CARRERAS  44-45,URBANA,TECNICO,3.53889,-76.31393,ADELANTAR POR LA DERECHA,NO APLICA,CHOQUE,NO APLICA,NO APLICA,NO APLICA,NO APLICA,CAMIONETA,RENAULT,CALI,PARTICULAR,NO APLICA,,
DAÑOS,02/12/2020 12:00:00 AM,2020,1899-12-31T12:30:00.000,TARDE,2_MARTES,SANTA ISABEL,CALLE 42 CARRERAS  44-45,URBANA,TECNICO,3.53889,-76.31393,ADELANTAR POR LA DERECHA,NO APLICA,CHOQUE,NO APLICA,NO APLICA,NO APLICA,NO APLICA,MOTO,HONDA,SABANETA,PARTICULAR,NO APLICA,,
DAÑOS,02/12/2020 12:00:00 AM,2020,1899-12-31T23:35:00.000,NOCHE,3_MIERCOLES,CENTRO,CALLE 28 CARRERA 32,URBANA,TECNICO,3.52582,-76.30267,SEMAFORO EN ROJO,NO APLICA,CHOQUE,NO APLICA,NO APLICA,NO APLICA,NO APLICA,CAMPERO,KIA,CALI,PARTICULAR,NO APLICA,,
DAÑOS,02/12/2020 12:00:00 AM,2020,1899-12-31T23:35:00.000,NOCHE,3_MIERCOLES,CENTRO,CALLE 28 CARRERA 32,URBANA,TECNICO,3.52582,-76.30267,SEMAFORO EN ROJO,NO APLICA,CHOQUE,NO APLICA,NO APLICA,NO APLICA,NO APLICA,AUTOMOVIL,NISSAN,PALMIRA,PARTICULAR,NO APLICA,,
DAÑOS,02/13/2020 12:00:00 AM,2020,1899-12-31T12:05:00.000,TARDE,4_JUEVES,NUEVO,CARRERA 31 CALLE 27,URBANA,TECNICO,3.52484,-76.30209,DESOBEDECER SEÑAL,NO APLICA,CHOQUE,NO APLICA,NO APLICA,NO APLICA,NO APLICA,MOTO,HONDA,FLORIDA,PARTICULAR,NO APLICA,,
DAÑOS,02/13/2020 12:00:00 AM,2020,1899-12-31T12:05:00.000,TARDE,4_JUEVES,NUEVO,CARRERA 31 CALLE 27,URBANA,TECNICO,3.52484,-76.30209,DESOBEDECER SEÑAL,NO APLICA,CHOQUE,NO APLICA,NO APLICA,NO APLICA,NO APLICA,AUTOMOVIL,CHEVROLET,CALI,PARTICULAR,NO APLICA,,
HERIDOS,02/12/2020 12:00:00 AM,2020,1899-12-31T16:40:00.000,TARDE,3_MIERCOLES,CENTRO,CALLE 28 CARRERA 33,URBANA,TECNICO,3.52592,-76.30347,ARRANCAR SIN PRECAUCION,MOTOCICLISTA,CHOQUE,1,NO APLICA,PALMIRA,NO APLICA,MOTO,TVS,PALMIRA,PARTICULAR,NO APLICA,,
HERIDOS,02/12/2020 12:00:00 AM,2020,1899-12-31T16:40:00.000,TARDE,3_MIERCOLES,CENTRO,CALLE 28 CARRERA 33,URBANA,TECNICO,3.52592,-76.30347,ARRANCAR SIN PRECAUCION,NO APLICA,CHOQUE,NO APLICA,NO APLICA,NO APLICA,NO APLICA,CAMIONETA,KIA,BOGOTA,PARTICULAR,NO APLICA,,
HERIDOS,02/12/2020 12:00:00 AM,2020,1899-12-31T16:40:00.000,TARDE,3_MIERCOLES,CENTRO,CALLE 28 CARRERA 33,URBANA,TECNICO,3.52592,-76.30347,ARRANCAR SIN PRECAUCION,ACOMPAÑANTE MOTOCICLISTA,CHOQUE,1,NO APLICA,PALMIRA,NO APLICA,NO APLICA,NO APLICA,NO APLICA,NO APLICA,NO APLICA,,
HERIDOS,02/02/2020 12:00:00 AM,2020,1899-12-31T04:30:00.000,MADRUGADA,7_DOMINGO,SEMBRADOR,CARRERA 21 CALLE 17-31,URBANA,TECNICO,3.51596,-76.2934,INVADIR CARRIL,MOTOCICLISTA,CHOQUE,1,NO APLICA,PALMIRA,NO APLICA,MOTO,YAMAHA,PRADERA,PARTICULAR,NO APLICA,,
HERIDOS,02/02/2020 12:00:00 AM,2020,1899-12-31T04:30:00.000,MADRUGADA,7_DOMINGO,SEMBRADOR,CARRERA 21 CALLE 17-31,URBANA,TECNICO,3.51596,-76.2934,INVADIR CARRIL,MOTOCICLISTA,CHOQUE,1,NO APLICA,PALMIRA,NO APLICA,MOTO,KIMCO,GUACARI,PARTICULAR,NO APLICA,,
HERIDOS,02/02/2020 12:00:00 AM,2020,1899-12-31T04:30:00.000,MADRUGADA,7_DOMINGO,SEMBRADOR,CARRERA 21 CALLE 17-31,URBANA,TECNICO,3.51596,-76.2934,INVADIR CARRIL,ACOMPAÑANTE MOTOCICLISTA,CHOQUE,1,NO APLICA,PALMIRA,NO APLICA,NO APLICA,NO APLICA,NO APLICA,NO APLICA,NO APLICA,,
HERIDOS,02/09/2020 12:00:00 AM,2020,1899-12-31T16:05:00.000,TARDE,7_DOMINGO,URIBE,CARRERA 23 CALLE 32,URBANA,TECNICO,3.52829,-76.29449,DESOBEDECER SEÑAL,NO APLICA,CHOQUE,NO APLICA,NO APLICA,NO APLICA,NO APLICA,AUTOMOVIL,HYUNDAI,PALMIRA,PUBLICO,UNITAX,,
HERIDOS,02/09/2020 12:00:00 AM,2020,1899-12-31T16:05:00.000,TARDE,7_DOMINGO,URIBE,CARRERA 23 CALLE 32,URBANA,TECNICO,3.52829,-76.29449,DESOBEDECER SEÑAL,MOTOCICLISTA,CHOQUE,1,NO APLICA,RAUL,NO APLICA,MOTO,KIMCO,PUERTO TEJADA,PARTICULAR,NO APLICA,,
DAÑOS,02/09/2020 12:00:00 AM,2020,1899-12-31T19:50:00.000,NOCHE,7_DOMINGO,VERSALLE S,CALLE 42 CARRERA 30A-40,URBANA,TECNICO,3.53824,-76.29955,NO MANTENER DISTANCIA DE SEGURIDAD,NO APLICA,CHOQUE,NO APLICA,NO APLICA,NO APLICA,NO APLICA,BUS,INTERNATIONAL,CALI,PUBLICO,TRANS SOTRANCE,,
DAÑOS,02/09/2020 12:00:00 AM,2020,1899-12-31T19:50:00.000,NOCHE,7_DOMINGO,VERSALLE S,CALLE 42 CARRERA 30A-40,URBANA,TECNICO,3.53824,-76.29955,NO MANTENER DISTANCIA DE SEGURIDAD,NO APLICA,CHOQUE,NO APLICA,NO APLICA,NO APLICA,NO APLICA,AUTOMOVIL,KIA,CALI,PARTICULAR,NO APLICA,,
DAÑOS,02/08/2020 12:00:00 AM,2020,1899-12-31T16:00:00.000,TARDE,6_SABADO,SESQUI,CARRERA 33A CALLE 10,URBANA,TECNICO,3.50924,-76.30779,NO ESTAR PENDIENTE DE LA VIA,NO APLICA,CHOQUE,NO APLICA,NO APLICA,NO APLICA,NO APLICA,AUTOMOVIL,CHEVROLET,PALMIRA,PARTICULAR,NO APLICA,,
DAÑOS,02/08/2020 12:00:00 AM,2020,1899-12-31T16:00:00.000,TARDE,6_SABADO,SESQUI,CARRERA 33A CALLE 10,URBANA,TECNICO,3.50924,-76.30779,NO ESTAR PENDIENTE DE LA VIA,NO APLICA,CHOQUE,NO APLICA,NO APLICA,NO APLICA,NO APLICA,MOTO,HONDA,FLORIDA,PARTICULAR,NO APLICA,,
HERIDOS,02/14/2020 12:00:00 AM,2020,1899-12-31T10:20:00.000,MAÑANA,5_VIERNES,VERSALLE S,CARRERA 27 CALLE 43,URBANA,TECNICO,3.53861,-76.29607,NO RESPETAR PELACION,NO APLICA,CHOQUE,NO APLICA,NO APLICA,NO APLICA,NO APLICA,AUTOMOVIL,NISSAN,PALMIRA,PARTICULAR,NO APLICA,,
HERIDOS,02/14/2020 12:00:00 AM,2020,1899-12-31T10:20:00.000,MAÑANA,5_VIERNES,VERSALLE S,CARRERA 27 CALLE 43,URBANA,TECNICO,3.53861,-76.29607,NO RESPETAR PELACION,CICLISTA,CHOQUE,1,NO APLICA,PALMA,NO APLICA,BICICLETA,NO APLICA,NO APLICA,PARTICULAR,NO APLICA,,
HERIDOS,02/14/2020 12:00:00 AM,2020,1899-12-31T11:15:00.000,MAÑANA,5_VIERNES,OBRERO,CALLE 35 CARRERA 24-43,URBANA,TECNICO,3.53158,-76.29517,PERDIDA DE CONTROL,NO APLICA,CHOQUE,NO APLICA,NO APLICA,NO APLICA,NO APLICA,CAMIONETA,NISSAN,CALI,PARTICULAR,NO APLICA,,
HERIDOS,02/14/2020 12:00:00 AM,2020,1899-12-31T11:15:00.000,MAÑANA,5_VIERNES,OBRERO,CALLE 35 CARRERA 24-43,URBANA,TECNICO,3.53158,-76.29517,PERDIDA DE CONTROL,MOTOCICLISTA,CHOQUE,1,NO APLICA,PALMIRA,NO APLICA,MOTO,HYUNDAI,PALMIRA,PARTICULAR,NO APLICA,,
HERIDOS,02/14/2020 12:00:00 AM,2020,1899-12-31T11:15:00.000,MAÑANA,5_VIERNES,OBRERO,CALLE 35 CARRERA 24-43,URBANA,TECNICO,3.53158,-76.29517,PERDIDA DE CONTROL,ACOMPAÑANTE CONDUCTOR,CHOQUE,1,NO APLICA,PALMIRA,NO APLICA,NO APLICA,NO APLICA,NO APLICA,NO APLICA,NO APLICA,,
HERIDOS,02/14/2020 12:00:00 AM,2020,1899-12-31T12:10:00.000,TARDE,5_VIERNES,SAN PEDRO,CALLE 37 CARRERA 14-67,URBANA,TECNICO,3.53319,-76.28705,ABRIRI PUERTA,NO APLICA,CHOQUE,NO APLICA,NO APLICA,NO APLICA,NO APLICA,MOTO,BAJAJ,PRADERA,PARTICULAR,NO APLICA,,
HERIDOS,02/14/2020 12:00:00 AM,2020,1899-12-31T12:10:00.000,TARDE,5_VIERNES,SAN PEDRO,CALLE 37 CARRERA 14-67,URBANA,TECNICO,3.53319,-76.28705,ABRIRI PUERTA,NO APLICA,CHOQUE,NO APLICA,NO APLICA,NO APLICA,NO APLICA,AUTOMOVIL,MAZDA,CALI,PARTICULAR,NO APLICA,,
HERIDOS,02/14/2020 12:00:00 AM,2020,1899-12-31T12:10:00.000,TARDE,5_VIERNES,SAN PEDRO,CALLE 37 CARRERA 14-67,URBANA,TECNICO,3.53319,-76.28705,ABRIRI PUERTA,ACOMPAÑANTE MOTOCICLISTA,CHOQUE,1,NO APLICA,PALMA,NO APLICA,NO APLICA,NO APLICA,NO APLICA,NO APLICA,NO APLICA,,
HERIDOS,02/10/2020 12:00:00 AM,2020,1899-12-31T16:00:00.000,TARDE,1_LUNES,INDUSTRIAL,CALLE 42 CALLE 34B,URBANA,TECNICO,3.5388,-76.3047,ADELANTAR POR LA DERECHA,NO APLICA,CHOQUE,NO APLICA,NO APLICA,NO APLICA,NO APLICA,TRACTO CAMION,KENWORTH,BELLO,PUBLICO,NO APLICA,,
HERIDOS,02/10/2020 12:00:00 AM,2020,1899-12-31T16:00:00.000,TARDE,1_LUNES,INDUSTRIAL,CALLE 42 CALLE 34B,URBANA,TECNICO,3.5388,-76.3047,ADELANTAR POR LA DERECHA,NO APLICA,CHOQUE,NO APLICA,NO APLICA,NO APLICA,NO APLICA,MOTO,AKT,PRADERA,PARTICULAR,NO APLICA,,
HERIDOS,02/10/2020 12:00:00 AM,2020,1899-12-31T16:00:00.000,TARDE,1_LUNES,INDUSTRIAL,CALLE 42 CALLE 34B,URBANA,TECNICO,3.5388,-76.3047,ADELANTAR POR LA DERECHA,ACOMPAÑANTE MOTOCICLISTA,CHOQUE,1,NO APLICA,PALMA,NO APLICA,NO APLICA,NO APLICA,NO APLICA,NO APLICA,NO APLICA,,
HERIDOS,02/13/2020 12:00:00 AM,2020,1899-12-31T16:30:00.000,TARDE,4_JUEVES,ALAMEDA,CARRERA 28 CALLE 71-65,URBANA,TECNICO,3.55789,-76.29115,NO MANTENER DISTANCIA DE SEGURIDAD,NO APLICA,CHOQUE,NO APLICA,NO APLICA,NO APLICA,NO APLICA,CAMPERO,SUZUKI,CALI,PARTICULAR,NO APLICA,,
HERIDOS,02/13/2020 12:00:00 AM,2020,1899-12-31T16:30:00.000,TARDE,4_JUEVES,ALAMEDA,CARRERA 28 CALLE 71-65,URBANA,TECNICO,3.55789,-76.29115,NO MANTENER DISTANCIA DE SEGURIDAD,CONDUCTOR,CHOQUE,1,NO APLICA,PALMIRA,NO APLICA,AUTOMOVIL,RENAULT,CALI,PARTICULAR,NO APLICA,,
HERIDOS,02/13/2020 12:00:00 AM,2020,1899-12-31T16:30:00.000,TARDE,4_JUEVES,ALAMEDA,CARRERA 28 CALLE 71-65,URBANA,TECNICO,3.55789,-76.29115,NO MANTENER DISTANCIA DE SEGURIDAD,NO APLICA,CHOQUE,NO APLICA,NO APLICA,NO APLICA,NO APLICA,CAMPERO,CHEVROLET,CALI,PARTICULAR,NO APLICA,,
HERIDOS,02/12/2020 12:00:00 AM,2020,1899-12-31T17:50:00.000,TARDE,3_MIERCOLES,FRAY LUIS,CALLE 42 CARRERA 46,URBANA,TECNICO,3.53876,-76.31543,CRUZAR SIN OBSERVAR,NO APLICA,CHOQUE,NO APLICA,NO APLICA,NO APLICA,NO APLICA,AUTOMOVIL,CHEVROLET,CALI,PARTICULAR,NO APLICA,,
HERIDOS,02/12/2020 12:00:00 AM,2020,1899-12-31T17:50:00.000,TARDE,3_MIERCOLES,FRAY LUIS,CALLE 42 CARRERA 46,URBANA,TECNICO,3.53876,-76.31543,CRUZAR SIN OBSERVAR,CICLISTA,CHOQUE,1,NO APLICA,PALMA,NO APLICA,BICICLETA,NO APLICA,NO APLICA,PARTICULAR,NO APLICA,,
DAÑOS,02/14/2020 12:00:00 AM,2020,1899-12-31T14:10:00.000,TARDE,5_VIERNES,CENTRO,CARRERA 28 CALLE 32-26,URBANA,TECNICO,3.52903,-76.29851,ARRANCAR SIN PRECAUCION,NO APLICA,CHOQUE,NO APLICA,NO APLICA,NO APLICA,NO APLICA,AUTOMOVIL,KIA,CALI,PARTICULAR,NO APLICA,,
DAÑOS,02/14/2020 12:00:00 AM,2020,1899-12-31T14:10:00.000,TARDE,5_VIERNES,CENTRO,CARRERA 28 CALLE 32-26,URBANA,TECNICO,3.52903,-76.29851,ARRANCAR SIN PRECAUCION,NO APLICA,CHOQUE,NO APLICA,NO APLICA,NO APLICA,NO APLICA,BUSETA,IVECO,PALMIRA,PARTICULAR,NO APLICA,,
HERIDOS,02/16/2020 12:00:00 AM,2020,1899-12-31T02:50:00.000,MADRUGADA,7_DOMINGO,CRISTALES,CALLE 44 CARRERA 2-3,URBANA,TECNICO,3.54058,-76.27958,POR ESTABLECER,MOTOCICLISTA,VOLCAMIENTO,1,NO APLICA,PALMA,NO APLICA,MOTO,BAJAJ,PALMIRA,PARTICULAR,NO APLICA,,
MUERTO,02/16/2020 12:00:00 AM,2020,1899-12-31T03:20:00.000,MADRUGADA,7_DOMINGO,CENTRO POBLADO TABLONES,CALLE 13 B CALLEJON LAS CHUCHAS,RURAL,TECNICO,3.60151,-76.20057,POR ESTABLECER,MOTOCICLISTA,VOLCAMIENTO,NO APLICA,1,NO APLICA,NO APLICA,MOTO,YAMAHA,CIRCASIA,PARTICULAR,NO APLICA,,
HERIDOS,02/16/2020 12:00:00 AM,2020,1899-12-31T03:20:00.000,MADRUGADA,7_DOMINGO,CENTRO POBLADO TABLONES,CALLE 13 B CALLEJON LAS CHUCHAS,RURAL,TECNICO,3.60151,-76.20057,POR ESTABLECER,ACOMPAÑANTE MOTOCICLISTA,VOLCAMIENTO,1,NO APLICA,RAUL,NO APLICA,NO APLICA,NO APLICA,NO APLICA,NO APLICA,NO APLICA,,
HERIDOS,02/16/2020 12:00:00 AM,2020,1899-12-31T23:26:00.000,NOCHE,7_DOMINGO,TRINIDAD,CALLE 29 CARRERA 24,URBANA,TECNICO,3.52562,-76.29569,NO RESPETAR PELACION,NO APLICA,CHOQUE,NO APLICA,NO APLICA,NO APLICA,NO APLICA,AUTOMOVIL,CHEVROLET,PALMIRA,PUBLICO,VILLA DE LAS PALMAS,,
HERIDOS,02/16/2020 12:00:00 AM,2020,1899-12-31T23:26:00.000,NOCHE,7_DOMINGO,TRINIDAD,CALLE 29 CARRERA 24,URBANA,TECNICO,3.52562,-76.29569,NO RESPETAR PELACION,MOTOCICLISTA,CHOQUE,1,NO APLICA,PALMIRA,NO APLICA,MOTO,YAMAHA,FLORIDA,PARTICULAR,NO APLICA,,
HERIDOS,02/13/2020 12:00:00 AM,2020,1899-12-31T14:10:00.000,TARDE,4_JUEVES,SANTA ISABEL,CARRERA 28 CALLE 43,URBANA,TECNICO,3.53876,-76.2971,ADELANTAR ENTRE VEHICULOS,NO APLICA,CHOQUE,NO APLICA,NO APLICA,NO APLICA,NO APLICA,AUTOMOVIL,HYUNDAI,PALMIRA,PARTICULAR,NO APLICA,,
HERIDOS,02/13/2020 12:00:00 AM,2020,1899-12-31T14:10:00.000,TARDE,4_JUEVES,SANTA ISABEL,CARRERA 28 CALLE 43,URBANA,TECNICO,3.53876,-76.2971,ADELANTAR ENTRE VEHICULOS,MOTOCICLISTA,CHOQUE,1,NO APLICA,PALMA,NO APLICA,MOTO,BAJAJ,FLORIDA,PARTICULAR,NO APLICA,,
HERIDOS,02/13/2020 12:00:00 AM,2020,1899-12-31T14:10:00.000,TARDE,4_JUEVES,SANTA ISABEL,CARRERA 28 CALLE 43,URBANA,TECNICO,3.53876,-76.2971,ADELANTAR ENTRE VEHICULOS,NO APLICA,CHOQUE,NO APLICA,NO APLICA,NO APLICA,NO APLICA,AUTOMOVIL,KIA,PALMIRA,PUBLICO,FLOTA PALMIRA,,
DAÑOS,02/13/2020 12:00:00 AM,2020,1899-12-31T18:00:00.000,NOCHE,4_JUEVES,NUEVO,CARRERA 33A CALLE 22-23,URBANA,TECNICO,3.52128,-76.30501,NO MANTENER DISTANCIA DE SEGURIDAD,NO APLICA,CHOQUE,NO APLICA,NO APLICA,NO APLICA,NO APLICA,AUTOMOVIL,CHEVROLET,PALMIRA,PARTICULAR,NO APLICA,,
DAÑOS,02/13/2020 12:00:00 AM,2020,1899-12-31T18:00:00.000,NOCHE,4_JUEVES,NUEVO,CARRERA 33A CALLE 22-23,URBANA,TECNICO,3.52128,-76.30501,NO MANTENER DISTANCIA DE SEGURIDAD,NO APLICA,CHOQUE,NO APLICA,NO APLICA,NO APLICA,NO APLICA,MOTO,AKT,CALI,PARTICULAR,NO APLICA,,
HERIDOS,02/16/2020 12:00:00 AM,2020,1899-12-31T08:45:00.000,MAÑANA,7_DOMINGO,NUEVO,CARRERA 30 CALLE 24,URBANA,TECNICO,3.52657,-76.29557,DESOBEDECER SEÑAL,NO APLICA,CHOQUE,NO APLICA,NO APLICA,NO APLICA,NO APLICA,AUTOMOVIL,HYUNDAI,PALMIRA,PUBLICO,FLOTA PALMIRA,,
HERIDOS,02/16/2020 12:00:00 AM,2020,1899-12-31T08:45:00.000,MAÑANA,7_DOMINGO,NUEVO,CARRERA 30 CALLE 24,URBANA,TECNICO,3.52657,-76.29557,DESOBEDECER SEÑAL,MOTOCICLISTA,CHOQUE,1,NO APLICA,RAUL,NO APLICA,MOTO,UNITED,PALERMO,PARTICULAR,NO APLICA,,
HERIDOS,02/15/2020 12:00:00 AM,2020,1899-12-31T15:00:00.000,TARDE,6_SABADO,CENTRO,CALLE 32 CARRER26,URBANA,TECNICO,3.52844,-76.2969,ARRANCAR SIN PRECAUCION,MOTOCICLISTA,CHOQUE,1,NO APLICA,FRACTURAS,NO APLICA,MOTO,SUZUKI,PALMIRA,PARTICULAR,NO APLICA,,
HERIDOS,02/15/2020 12:00:00 AM,2020,1899-12-31T15:00:00.000,TARDE,6_SABADO,CENTRO,CALLE 32 CARRER26,URBANA,TECNICO,3.52844,-76.2969,ARRANCAR SIN PRECAUCION,NO APLICA,CHOQUE,NO APLICA,NO APLICA,NO APLICA,NO APLICA,AUTOMOVIL,RENAULT,PALMIRA,PARTICULAR,NO APLICA,,
HERIDOS,02/16/2020 12:00:00 AM,2020,1899-12-31T19:00:00.000,NOCHE,7_DOMINGO,SAN PEDRO,CALLE 35B CARRRA 9,URBANA,TECNICO,3.53203,-76.28208,DESOBEDECER SEÑAL,MOTOCICLISTA,CHOQUE,1,NO APLICA,PALMIRA,NO APLICA,MOTO,BAJAJ,PALMIRA,PARTICULAR,NO APLICA,,
HERIDOS,02/16/2020 12:00:00 AM,2020,1899-12-31T19:00:00.000,NOCHE,7_DOMINGO,SAN PEDRO,CALLE 35B CARRRA 9,URBANA,TECNICO,3.53203,-76.28208,DESOBEDECER SEÑAL,MOTOCICLISTA,CHOQUE,1,NO APLICA,PALMIRA,NO APLICA,MOTO,SUZUKI,MONTERIA,PARTICULAR,NO APLICA,,
DAÑOS,02/18/2020 12:00:00 AM,2020,1899-12-31T20:15:00.000,NOCHE,2_MARTES,SANTA TERESITA,CALLE 44 CARRERA 39-40,URBANA,TECNICO,3.54096,-76.3108,DAR MARCHA ATRÁS,NO APLICA,CHOQUE,NO APLICA,NO APLICA,NO APLICA,NO APLICA,TRACTO CAMION,KENWORTH,COTA,PUBLICO,NO APLICA,,
DAÑOS,02/18/2020 12:00:00 AM,2020,1899-12-31T20:15:00.000,NOCHE,2_MARTES,SANTA TERESITA,CALLE 44 CARRERA 39-40,URBANA,TECNICO,3.54096,-76.3108,DAR MARCHA ATRÁS,NO APLICA,CHOQUE,NO APLICA,NO APLICA,NO APLICA,NO APLICA,AUTOMOVIL,RENAULT,CALI,PARTICULAR,NO APLICA,,
HERIDOS,02/16/2020 12:00:00 AM,2020,1899-12-31T10:15:00.000,MAÑANA,7_DOMINGO,CENTRO POBLADO LA TORRE,CALLE 10 N 16-466,RURAL,TECNICO,3.61779,-76.41699,ADELANTAR POR LA ZONA PROHIBIDA,MOTOCICLISTA,CHOQUE,1,NO APLICA,PALMA,NO APLICA,MOTO,BAJAJ,YUMBO,PARTICULAR,NO APLICA,,
HERIDOS,02/16/2020 12:00:00 AM,2020,1899-12-31T10:15:00.000,MAÑANA,7_DOMINGO,CENTRO POBLADO LA TORRE,CALLE 10 N 16-466,RURAL,TECNICO,3.61779,-76.41699,ADELANTAR POR LA ZONA PROHIBIDA,MOTOCICLISTA,CHOQUE,1,NO APLICA,RAUL,NO APLICA,MOTO,YAMAHA,PRADERA,PARTICULAR,NO APLICA,,
HERIDOS,02/17/2020 12:00:00 AM,2020,1899-12-31T09:20:00.000,MAÑANA,1_LUNES,RECREO,CARRERA 24 CALLE 21,URBANA,TECNICO,3.51899,-76.29585,ARRANCAR SIN PRECAUCION,NO APLICA,CHOQUE,NO APLICA,NO APLICA,NO APLICA,NO APLICA,CAMIONETA,MAZDA,ANDALUCIA,PARTICULAR,NO APLICA,,
HERIDOS,02/17/2020 12:00:00 AM,2020,1899-12-31T09:20:00.000,MAÑANA,1_LUNES,RECREO,CARRERA 24 CALLE 21,URBANA,TECNICO,3.51899,-76.29585,ARRANCAR SIN PRECAUCION,CICLISTA,CHOQUE,1,NO APLICA,PALMIRA,NO APLICA,BICICLETA,NO APLICA,NO APLICA,PARTICULAR,NO APLICA,,
HERIDOS,02/17/2020 12:00:00 AM,2020,1899-12-31T09:20:00.000,MAÑANA,1_LUNES,RECREO,CARRERA 24 CALLE 21,URBANA,TECNICO,3.51899,-76.29585,ARRANCAR SIN PRECAUCION,ACOMPAÑANTE CICLISTA,CHOQUE,1,NO APLICA,PALMIRA,NO APLICA,NO APLICA,NO APLICA,NO APLICA,NO APLICA,NO APLICA,,
DAÑOS,02/17/2020 12:00:00 AM,2020,1899-12-31T10:45:00.000,MAÑANA,1_LUNES,OBRERO,CALLE 33 CARRERA 24,URBANA,TECNICO,3.52988,-76.29517,DESOBEDECER SEÑAL,NO APLICA,CHOQUE,NO APLICA,NO APLICA,NO APLICA,NO APLICA,AUTOMOVIL,CHEVROLET,GUACARI,PARTICULAR,NO APLICA,,
DAÑOS,02/17/2020 12:00:00 AM,2020,1899-12-31T10:45:00.000,MAÑANA,1_LUNES,OBRERO,CALLE 33 CARRERA 24,URBANA,TECNICO,3.52988,-76.29517,DESOBEDECER SEÑAL,NO APLICA,CHOQUE,NO APLICA,NO APLICA,NO APLICA,NO APLICA,MOTO,SUZUKI,CARTAGO,PARTICULAR,NO APLICA,,
DAÑOS,02/19/2020 12:00:00 AM,2020,1899-12-31T06:00:00.000,MAÑANA,3_MIERCOLES,URIBE,CALLE 33 CARRERA 20,URBANA,TECNICO,3.52934,-76.29176,DESOBEDECER SEÑAL,NO APLICA,CHOQUE,NO APLICA,NO APLICA,NO APLICA,NO APLICA,AUTOMOVIL,CHEVROLET,MANIZALES,PARTICULAR,NO APLICA,,
DAÑOS,02/19/2020 12:00:00 AM,2020,1899-12-31T06:00:00.000,MAÑANA,3_MIERCOLES,URIBE,CALLE 33 CARRERA 20,URBANA,TECNICO,3.52934,-76.29176,DESOBEDECER SEÑAL,NO APLICA,CHOQUE,NO APLICA,NO APLICA,NO APLICA,NO APLICA,AUTOMOVIL,HYUNDAI,PALMIRA,PUBLICO,FLOTA PALMIRA,,
HERIDOS,02/18/2020 12:00:00 AM,2020,1899-12-31T14:15:00.000,TARDE,2_MARTES,FRAY LUIS,CARRERA 39 CALLE 42-226,URBANA,TECNICO,3.53936,-76.30983,GIRAR BRUSCAMENTE,MOTOCICLISTA,CHOQUE,1,NO APLICA,PALMA,NO APLICA,MOTO,SUZUKI,PALMIRA,PARTICULAR,NO APLICA,,
HERIDOS,02/18/2020 12:00:00 AM,2020,1899-12-31T14:15:00.000,TARDE,2_MARTES,FRAY LUIS,CARRERA 39 CALLE 42-226,URBANA,TECNICO,3.53936,-76.30983,GIRAR BRUSCAMENTE,NO APLICA,CHOQUE,NO APLICA,NO APLICA,NO APLICA,NO APLICA,AUTOMOVIL,HYUNDAI,PALMIRA,PARTICULAR,NO APLICA,,