GRAVEDAD,FECHA,AÑO,HORA,JORNADA,DIA_SEMANA,BARRIOS_CORREGIMIENTO_VIA,DIRECCION,ZONA,AUTORIDAD,LAT,LONG,HIPOTESIS,CONDICION_DE_LA_VICTIMA,CLASE_DE_SINIESTRO,LESIONADO,HOMICIDIOS,CLINICA,SITIO,CLASE_DE_VEHICULO,MARCA,MATRICULA,TIPO_DE_SERVICIO,EMPRESA, , .1
HERIDOS,03/20/2020 12:00:00 AM,2020,1899-12-31T17:00:00.000,TARDE,5_VIERNES,LAS FLORES,TRANSVERSAL 30 CARRERA 1-229,URBANA,TECNICO,3.52185,-76.27894,ADELANTAR ZONA PROHIBIDAD,MOTOCICLISTA,CHOQUE,1,NO APLICA,PALMIRA,NO APLICA,MOTO,AKT,PRADERA,PARTICULAR,NO APLICA,,
HERIDOS,03/20/2020 12:00:00 AM,2020,1899-12-31T17:20:00.000,TARDE,5_VIERNES,PERSEVERANCIA,CARRERA 22 CALLE 12B,URBANA,TECNICO,3.51097,-76.29246,ADELANTAR EN ZONA PROHIBIDA,MOTOCICLISTA,CHOQUE,1,NO APLICA,PALMIRA,NO APLICA,MOTO,KEEWAY,GUACARI,PARTICULAR,NO APLICA,,
HERIDOS,03/20/2020 12:00:00 AM,2020,1899-12-31T17:20:00.000,TARDE,5_VIERNES,PERSEVERANCIA,CARRERA 22 CALLE 12B,URBANA,TECNICO,3.51097,-76.29246,ADELANTAR EN ZONA PROHIBIDA,MOTOCICLISTA,CHOQUE,1,NO APLICA,PALMIRA,NO APLICA,MOTO,JIANLIGN,PALMIRA,PARTICULAR,NO APLICA,,
HERIDOS,03/20/2020 12:00:00 AM,2020,1899-12-31T17:45:00.000,TARDE,5_VIERNES,LOS PINOS,CALLE 42 CARRERA 24,URBANA,TECNICO,3.53748,-76.29399,NO ESTAR PENDIENTE DE LA VIA,NO APLICA,CHOQUE,NO APLICA,NO APLICA,NO APLICA,NO APLICA,AUTOMOVIL,CHEVROLET,CALI,PARTICULAR,NO APLICA,,
HERIDOS,03/20/2020 12:00:00 AM,2020,1899-12-31T17:45:00.000,TARDE,5_VIERNES,LOS PINOS,CALLE 42 CARRERA 24,URBANA,TECNICO,3.53748,-76.29399,NO ESTAR PENDIENTE DE LA VIA,MOTOCICLISTA,CHOQUE,1,NO APLICA,PALMA,NO APLICA,MOTO,SUZUKI,GUACARI,PARTICULAR,NO APLICA,,
HERIDOS,03/21/2020 12:00:00 AM,2020,1899-12-31T09:50:00.000,MAÑANA,6_SABADO,URIBE,CARRERA 21 CALLE 34,URBANA,TECNICO,3.53031,-76.29254,DESOBEDECER SEÑALES DE PARE,MOTOCICLISTA,CHOQUE,1,NO APLICA,PALMIRA,NO APLICA,MOTO,AKT,PRADERA,PARTICULAR,NO APLICA,,
HERIDOS,03/21/2020 12:00:00 AM,2020,1899-12-31T09:50:00.000,MAÑANA,6_SABADO,URIBE,CARRERA 21 CALLE 34,URBANA,TECNICO,3.53031,-76.29254,DESOBEDECER SEÑALES DE PARE,NO APLICA,CHOQUE,NO APLICA,NO APLICA,NO APLICA,NO APLICA,MOTO,YAMAHA,CALI,PARTICULAR,NO APLICA,,
HERIDOS,03/21/2020 12:00:00 AM,2020,1899-12-31T09:50:00.000,MAÑANA,6_SABADO,URIBE,CARRERA 21 CALLE 34,URBANA,TECNICO,3.53031,-76.29254,DESOBEDECER SEÑALES DE PARE,ACOMPAÑANTE MOTOCICLISTA,CHOQUE,1,NO APLICA,RAUL,NO APLICA,NO APLICA,NO APLICA,NO APLICA,NO APLICA,NO APLICA,,
HERIDOS,03/22/2020 12:00:00 AM,2020,1899-12-31T11:30:00.000,MAÑANA,7_DOMINGO,PORTAL DE LAS PALMAS,CALLE 47A CARRERA 45-24,URBANA,TECNICO,3.54272,-76.31667,PONER EN MARCHA SIN MEDIDAS DE PRECAUCION,NO APLICA,CHOQUE,NO APLICA,NO APLICA,NO APLICA,NO APLICA,MOTO,HONDA,GUACARI,PARTICULAR,NO APLICA,,
HERIDOS,03/22/2020 12:00:00 AM,2020,1899-12-31T11:30:00.000,MAÑANA,7_DOMINGO,PORTAL DE LAS PALMAS,CALLE 47A CARRERA 45-24,URBANA,TECNICO,3.54272,-76.31667,PONER EN MARCHA SIN MEDIDAS DE PRECAUCION,MOTOCICLISTA,CHOQUE,1,NO APLICA,PALMA,NO APLICA,MOTO,BAJAJ,PALMIRA,PARTICULAR,NO APLICA,,
HERIDOS,03/20/2020 12:00:00 AM,2020,1899-12-31T05:30:00.000,MADRUGADA,5_VIERNES,VIA PRIVADA,MANUELITA,RURAL,TECNICO,3.57866,-76.29156,INVADIR CARRIL,CICLISTA,CHOQUE,1,NO APLICA,PALMA,NO APLICA,BICICLETA,NO APLICA,NO APLICA,PARTICULAR,NO APLICA,,
HERIDOS,03/20/2020 12:00:00 AM,2020,1899-12-31T05:30:00.000,MADRUGADA,5_VIERNES,VIA PRIVADA,MANUELITA,RURAL,TECNICO,3.57866,-76.29156,INVADIR CARRIL,MOTOCICLISTA,CHOQUE,1,NO APLICA,PALMA,NO APLICA,MOTO,HONDA,PALMIRA,PARTICULAR,NO APLICA,,
HERIDOS,03/20/2020 12:00:00 AM,2020,1899-12-31T05:30:00.000,MADRUGADA,5_VIERNES,VIA PRIVADA,MANUELITA,RURAL,TECNICO,3.57866,-76.29156,INVADIR CARRIL,ACOMPAÑANTE MOTOCICLISTA,CHOQUE,1,NO APLICA,PALMA,NO APLICA,NO APLICA,NO APLICA,NO APLICA,NO APLICA,NO APLICA,,
HERIDOS,03/20/2020 12:00:00 AM,2020,1899-12-31T13:00:00.000,TARDE,5_VIERNES,COLOMBIA,CARRERA 31 CALLE 35,URBANA,TECNICO,3.53235,-76.30073,DESOBEDECER SEÑALES,MOTOCICLISTA,CHOQUE,1,NO APLICA,PALMA,NO APLICA,MOTO,SUZUKI,PALMIRA,PARTICULAR,NO APLICA,,
HERIDOS,03/20/2020 12:00:00 AM,2020,1899-12-31T13:00:00.000,TARDE,5_VIERNES,COLOMBIA,CARRERA 31 CALLE 35,URBANA,TECNICO,3.53235,-76.30073,DESOBEDECER SEÑALES,NO APLICA,CHOQUE,NO APLICA,NO APLICA,NO APLICA,NO APLICA,AUTOMOVIL,MAZDA,CALI,PARTICULAR,NO APLICA,,
HERIDOS,03/21/2020 12:00:00 AM,2020,1899-12-31T21:00:00.000,NOCHE,6_SABADO,TRINIDAD,CARRERA 23 CALLE 31-25,URBANA,TECNICO,3.52749,-76.29491,NO MANTENER DISTANCIA DE SEGURIDAD,NO APLICA,CHOQUE,NO APLICA,NO APLICA,NO APLICA,NO APLICA,CAMIONETA,RENAULT,PALMIRA,OFICIAL,NO APLICA,,
HERIDOS,03/21/2020 12:00:00 AM,2020,1899-12-31T21:00:00.000,NOCHE,6_SABADO,TRINIDAD,CARRERA 23 CALLE 31-25,URBANA,TECNICO,3.52749,-76.29491,NO MANTENER DISTANCIA DE SEGURIDAD,MOTOCICLISTA,CHOQUE,1,NO APLICA,PALMIRA,NO APLICA,MOTO,SUZUKI,PALMIRA,PARTICULAR,NO APLICA,,
DAÑOS,03/23/2020 12:00:00 AM,2020,1899-12-31T14:00:00.000,TARDE,1_LUNES,PERSEVERANCIA,CALLE 12A CARRERA 22 -124,URBANA,TECNICO,3.51066,-76.29293,REVERSO IMPRUDENTE,NO APLICA,CHOQUE,NO APLICA,NO APLICA,NO APLICA,NO APLICA,AUTOMOVIL,CHEVROLET,CALI,PARTICULAR,NO APLICA,,
DAÑOS,03/23/2020 12:00:00 AM,2020,1899-12-31T14:00:00.000,TARDE,1_LUNES,PERSEVERANCIA,CALLE 12A CARRERA 22 -124,URBANA,TECNICO,3.51066,-76.29293,REVERSO IMPRUDENTE,NO APLICA,CHOQUE,NO APLICA,NO APLICA,NO APLICA,NO APLICA,AUTOMOVIL,CHEVROLET,PALMIRA,PUBLICO,COOTRANSPAL,,
HERIDOS,03/25/2020 12:00:00 AM,2020,1899-12-31T19:00:00.000,NOCHE,3_MIERCOLES,CHAPINERO,CARRERA 30 CALLE 17 -23,URBANA,TECNICO,3.51635,-76.3027,PONER EN MARCHA SIN MEDIDAS DE PRECAUCION,MOTOCICLISTA,CHOQUE,1,NO APLICA,PALMIRA,NO APLICA,MOTO,KIMCO,FLORIDA,PARTICULAR,NO APLICA,,
HERIDOS,03/25/2020 12:00:00 AM,2020,1899-12-31T19:00:00.000,NOCHE,3_MIERCOLES,CHAPINERO,CARRERA 30 CALLE 17 -23,URBANA,TECNICO,3.51635,-76.3027,PONER EN MARCHA SIN MEDIDAS DE PRECAUCION,NO APLICA,CHOQUE,NO APLICA,NO APLICA,NO APLICA,NO APLICA,CAMIONETA,FAW,BOGOTA,PARTICULAR,NO APLICA,,
DAÑOS,03/25/2020 12:00:00 AM,2020,1899-12-31T14:10:00.000,TARDE,3_MIERCOLES,RECREO,CALLE 22 CARRERA 25,URBANA,TECNICO,3.51992,-76.2974,DESOBEDECER SEÑALES DE PARE,NO APLICA,CHOQUE,NO APLICA,NO APLICA,NO APLICA,NO APLICA,CAMPERO,RENAULT,MINISTERIO,OFICIAL,NO APLICA,,
DAÑOS,03/25/2020 12:00:00 AM,2020,1899-12-31T14:10:00.000,TARDE,3_MIERCOLES,RECREO,CALLE 22 CARRERA 25,URBANA,TECNICO,3.51992,-76.2974,DESOBEDECER SEÑALES DE PARE,NO APLICA,CHOQUE,NO APLICA,NO APLICA,NO APLICA,NO APLICA,CAMIONETA,CHEVROLET,GUACARI,PUBLICO,NO APLICA,,
MUERTO,03/26/2020 12:00:00 AM,2020,1899-12-31T18:48:00.000,NOCHE,4_JUEVES,MUINICIPAL,CARRERA 1 CALLES 30-31,URBANA,TECNICO,3.5249,-76.27815,NO ESTAR PENDIENTE DE LA VIA,CICLISTA,CHOQUE,NO APLICA,1,NO APLICA,NO APLICA,TRICICLO,NO APLICA,NO APLICA,PARTICULAR,NO APLICA,,
HERIDOS,03/26/2020 12:00:00 AM,2020,1899-12-31T18:48:00.000,NOCHE,4_JUEVES,MUINICIPAL,CARRERA 1 CALLES 30-31,URBANA,TECNICO,3.5249,-76.27815,NO ESTAR PENDIENTE DE LA VIA,NO APLICA,CHOQUE,NO APLICA,NO APLICA,NO APLICA,NO APLICA,CAMIONETA,HYUNDAI,CALI,PARTICULAR,NO APLICA,,
MUERTO,03/26/2020 12:00:00 AM,2020,1899-12-31T18:48:00.000,NOCHE,4_JUEVES,MUINICIPAL,CARRERA 1 CALLES 30-31,URBANA,TECNICO,3.5249,-76.27815,NO ESTAR PENDIENTE DE LA VIA,ACOMPAÑANTE CICLISTA,CHOQUE,1,NO APLICA,NO APLICA,NO APLICA,BICICLETA,NO APLICA,NO APLICA,PARTICULAR,NO APLICA,,
MUERTO,03/26/2020 12:00:00 AM,2020,1899-12-31T18:48:00.000,NOCHE,4_JUEVES,MUINICIPAL,CARRERA 1 CALLES 30-31,URBANA,TECNICO,3.5249,-76.27815,NO ESTAR PENDIENTE DE LA VIA,CICLISTA,CHOQUE,1,NO APLICA,NO APLICA,NO APLICA,BICICLETA,NO APLICA,NO APLICA,PARTICULAR,NO APLICA,,
DAÑOS,03/30/2020 12:00:00 AM,2020,1899-12-31T07:30:00.000,MAÑANA,1_LUNES,SANTA RITA,CALLE 33 CARRERA 27,URBANA,TECNICO,3.53016,-76.29744,SEMAFORO EN ROJO,NO APLICA,CHOQUE,NO APLICA,NO APLICA,NO APLICA,NO APLICA,AUTOMOVIL,RENAULT,ENVIGADO,PARTICULAR,NO APLICA,,
DAÑOS,03/30/2020 12:00:00 AM,2020,1899-12-31T07:30:00.000,MAÑANA,1_LUNES,SANTA RITA,CALLE 33 CARRERA 27,URBANA,TECNICO,3.53016,-76.29744,SEMAFORO EN ROJO,NO APLICA,CHOQUE,NO APLICA,NO APLICA,NO APLICA,NO APLICA,AUTOMOVIL,SUZUKI,PALMIRA,PUBLICO,COOFLOPAL,,
HERIDOS,03/28/2020 12:00:00 AM,2020,1899-12-31T13:20:00.000,TARDE,5_VIERNES,OBRERO,CALLE 36 CARRERA 26,URBANA,TECNICO,3.53254,-76.29629,DESOBEDECER SEÑALES,MOTOCICLISTA,CHOQUE,1,NO APLICA,PALMA,NO APLICA,MOTO,YAMAHA,SOACHA,PARTICULAR,NO APLICA,,
HERIDOS,03/28/2020 12:00:00 AM,2020,1899-12-31T13:20:00.000,TARDE,5_VIERNES,OBRERO,CALLE 36 CARRERA 26,URBANA,TECNICO,3.53254,-76.29629,DESOBEDECER SEÑALES,NO APLICA,CHOQUE,NO APLICA,NO APLICA,NO APLICA,NO APLICA,CAMION,CHEVROLET,CALI,PARTICULAR,NO APLICA,,
HERIDOS,03/28/2020 12:00:00 AM,2020,1899-12-31T13:20:00.000,TARDE,5_VIERNES,OBRERO,CALLE 36 CARRERA 26,URBANA,TECNICO,3.53254,-76.29629,DESOBEDECER SEÑALES,ACOMPAÑANTE MOTOCICLISTA,CHOQUE,1,NO APLICA,PALMA,NO APLICA,NO APLICA,NO APLICA,NO APLICA,NO APLICA,NO APLICA,,
DAÑOS,03/29/2020 12:00:00 AM,2020,1899-12-31T09:50:00.000,MAÑANA,6_SABADO,OLIMPICO,CALLE 25 CARRERA 42,URBANA,TECNICO,3.52341,-76.31231,NO ESTAR PENDIENTE DE LA VIA,NO APLICA,CHOQUE,NO APLICA,NO APLICA,NO APLICA,NO APLICA,MOTO,KIMCO,PALMIRA,PARTICULAR,NO APLICA,,
DAÑOS,03/29/2020 12:00:00 AM,2020,1899-12-31T09:50:00.000,MAÑANA,6_SABADO,OLIMPICO,CALLE 25 CARRERA 42,URBANA,TECNICO,3.52341,-76.31231,NO ESTAR PENDIENTE DE LA VIA,NO APLICA,CHOQUE,NO APLICA,NO APLICA,NO APLICA,NO APLICA,AUTOMOVIL,RENAULT,BOGOTA,PARTICULAR,NO APLICA,,
DAÑOS,03/31/2020 12:00:00 AM,2020,1899-12-31T14:28:00.000,TARDE,2_MARTES,SANTA TERESITA,CARRERA 39 CALLE 42,URBANA,TECNICO,3.53897,-76.30991,REVERSO IMPRUDENTE,NO APLICA,CHOQUE OBJETO FIJO,NO APLICA,NO APLICA,NO APLICA,NO APLICA,CAMIONETA,HONDA,CALI,PARTICULAR,NO APLICA,,
HERIDOS,03/29/2020 12:00:00 AM,2020,1899-12-31T20:30:00.000,NOCHE,7_DOMINGO,BOSQUE,CALLE 31 CARRERA 1,URBANA,TECNICO,3.52505,-76.27811,CRUCE REPENTINO,NO APLICA,CHOQUE,NO APLICA,NO APLICA,NO APLICA,NO APLICA,MOTO,KIMCO,PALMIRA,PARTICULAR,NO APLICA,,
HERIDOS,03/29/2020 12:00:00 AM,2020,1899-12-31T20:30:00.000,NOCHE,7_DOMINGO,BOSQUE,CALLE 31 CARRERA 1,URBANA,TECNICO,3.52505,-76.27811,CRUCE REPENTINO,MOTOCICLISTA,CHOQUE,1,NO APLICA,RAUL,NO APLICA,MOTO,AUTECO,NO APLICA,PARTICULAR,NO APLICA,,
HERIDOS,03/29/2020 12:00:00 AM,2020,1899-12-31T16:50:00.000,TARDE,7_DOMINGO,VIAL PALMIRA GUAYABAL,KM 2,RURAL,TECNICO,3.54456,-76.26779,CRUZAR SIN OBSERVAR,MOTOCICLISTA,ATROPELLO,1,NO APLICA,PALMA,NO APLICA,MOTO,YAMAHA,MOSQUERA,PARTICULAR,NO APLICA,,
HERIDOS,03/29/2020 12:00:00 AM,2020,1899-12-31T16:50:00.000,TARDE,7_DOMINGO,VIAL PALMIRA GUAYABAL,KM 2,RURAL,TECNICO,3.54456,-76.26779,CRUZAR SIN OBSERVAR,PEATON,ATROPELLO,1,NO APLICA,PALMA,NO APLICA,NO APLICA,NO APLICA,NO APLICA,NO APLICA,NO APLICA,,
DAÑOS,04/02/2020 12:00:00 AM,2020,17:50,TARDE,4_JUEVES,COLOMBIA,CALLE 33 CARRERA 31,URBANA,TECNICO,3.53074,-76.30105,SEMAFORO EN ROJO,NO APLICA,CHOQUE,NO APLICA,NO APLICA,NO APLICA,NO APLICA,AUTOMOVIL,MAZDA,CALI,PARTICULAR,NO APLICA,,
DAÑOS,04/02/2020 12:00:00 AM,2020,17:50,TARDE,4_JUEVES,COLOMBIA,CALLE 33 CARRERA 31,URBANA,TECNICO,3.53074,-76.30105,SEMAFORO EN ROJO,NO APLICA,CHOQUE,NO APLICA,NO APLICA,NO APLICA,NO APLICA,AUTOMOVIL,DAEWOO,PALMIRA,PUBLICO,NO APLICA,,
HERIDOS,04/03/2020 12:00:00 AM,2020,6:30,MAÑANA,5_VIERNES,OBRERO,CALLE 36 CARRERA 27,URBANA,TECNICO,3.53261,-76.29703,SEMAFORO EN ROJO,MOTOCICLISTA,CHOQUE,1,NO APLICA,PALMA,NO APLICA,MOTO,HERO,FLORIDA,PARTICULAR,NO APLICA,,
HERIDOS,04/03/2020 12:00:00 AM,2020,6:30,MAÑANA,5_VIERNES,OBRERO,CALLE 36 CARRERA 27,URBANA,TECNICO,3.53261,-76.29703,SEMAFORO EN ROJO,MOTOCICLISTA,CHOQUE,1,NO APLICA,PALMA,NO APLICA,MOTO,AKT,PRADERA,PARTICULAR,NO APLICA,,
HERIDOS,04/03/2020 12:00:00 AM,2020,6:30,MAÑANA,5_VIERNES,OBRERO,CALLE 36 CARRERA 27,URBANA,TECNICO,3.53261,-76.29703,SEMAFORO EN ROJO,ACOMPAÑANTE MOTOCICLISTA,CHOQUE,1,NO APLICA,PALMA,NO APLICA,NO APLICA,NO APLICA,NO APLICA,NO APLICA,NO APLICA,,
HERIDOS,04/03/2020 12:00:00 AM,2020,7:00,MAÑANA,5_VIERNES,PRADO,CALLE 36 CARRERA 40,URBANA,TECNICO,3.53324,-76.31005,DESOBEDECER SEÑALES,MOTOCICLISTA,CHOQUE,1,NO APLICA,PALMIRA,NO APLICA,MOTO,YAMAHA,PRADERA,PARTICULAR,NO APLICA,,
HERIDOS,04/03/2020 12:00:00 AM,2020,7:00,MAÑANA,5_VIERNES,PRADO,CALLE 36 CARRERA 40,URBANA,TECNICO,3.53324,-76.31005,DESOBEDECER SEÑALES,NO APLICA,CHOQUE,NO APLICA,NO APLICA,NO APLICA,NO APLICA,AUTOMOVIL,CHEVROLET,BOGOTA,PARTICULAR,NO APLICA,,
HERIDOS,04/03/2020 12:00:00 AM,2020,11:30,MAÑANA,5_VIERNES,NUEVO,CARRERA 33 CALLE 27,URBANA,TECNICO,3.52504,-76.30353,DESOBEDECER SEÑALES,NO APLICA,CHOQUE,NO APLICA,NO APLICA,NO APLICA,NO APLICA,CAMIONETA,TOYOTA,PALMIRA,OFICIAL,NO APLICA,,
HERIDOS,04/03/2020 12:00:00 AM,2020,11:30,MAÑANA,5_VIERNES,NUEVO,CARRERA 33 CALLE 27,URBANA,TECNICO,3.52504,-76.30353,DESOBEDECER SEÑALES,MOTOCICLISTA,CHOQUE,1,NO APLICA,PALMIRA,NO APLICA,MOTO,HERO,FLORIDA,PARTICULAR,NO APLICA,,
HERIDOS,04/03/2020 12:00:00 AM,2020,17:40,TARDE,5_VIERNES,COLOMBINA,CALLE 31 CARRERA 21,URBANA,TECNICO,3.5272,-76.2929,DESOBEDECER SEÑALES,MOTOCICLISTA,CHOQUE,1,NO APLICA,PALMIRA,NO APLICA,MOTO,TVS,PRADERA,PARTICULAR,NO APLICA,,
HERIDOS,04/03/2020 12:00:00 AM,2020,17:40,TARDE,5_VIERNES,COLOMBINA,CALLE 31 CARRERA 21,URBANA,TECNICO,3.5272,-76.2929,DESOBEDECER SEÑALES,NO APLICA,CHOQUE,NO APLICA,NO APLICA,NO APLICA,NO APLICA,AUTOMOVIL,CHEVROLET,CALI,PARTICULAR,NO APLICA,,
HERIDOS,04/03/2020 12:00:00 AM,2020,18:50,NOCHE,5_VIERNES,CENTRO,CALLE 29 CARRERA 31,URBANA,TECNICO,3.52651,-76.3018,SEMAFORO EN ROJO,MOTOCICLISTA,CHOQUE,1,NO APLICA,PALMIRA,NO APLICA,MOTO,BAJAJ,GUACARI,PARTICULAR,NO APLICA,,
HERIDOS,04/03/2020 12:00:00 AM,2020,18:50,NOCHE,5_VIERNES,CENTRO,CALLE 29 CARRERA 31,URBANA,TECNICO,3.52651,-76.3018,SEMAFORO EN ROJO,NO APLICA,CHOQUE,NO APLICA,NO APLICA,NO APLICA,NO APLICA,AUTOMOVIL,CHEVROLET,PALMIRA,PARTICULAR,NO APLICA,,
HERIDOS,04/03/2020 12:00:00 AM,2020,18:50,NOCHE,5_VIERNES,CENTRO,CALLE 29 CARRERA 31,URBANA,TECNICO,3.52651,-76.3018,SEMAFORO EN ROJO,ACOMPAÑANTE MOTOCICLISTA,CHOQUE,1,NO APLICA,PALMIRA,NO APLICA,NO APLICA,NO APLICA,NO APLICA,NO APLICA,NO APLICA,,
DAÑOS,04/03/2020 12:00:00 AM,2020,11:30,MAÑANA,7_DOMINGO,CENTRO,CARRERA 25 CALLE 29-30,URBANA,TECNICO,3.5261,-76.29648,NO ESTAR PENDIENTE DE LA VIA,NO APLICA,CHOQUE OBJETO FIJO,NO APLICA,NO APLICA,NO APLICA,NO APLICA,CAMIONETA,DODGE,CALI,PARTICULAR,NO APLICA,,
HERIDOS,04/06/2020 12:00:00 AM,2020,1899-12-31T07:00:00.000,MAÑANA,1_LUNES,CENTRO,CALLE 32 CARRERA 31,URBANA,TECNICO,3.52925,-76.30131,DESOBEDECER SEÑALES,NO APLICA,CHOQUE,NO APLICA,NO APLICA,NO APLICA,NO APLICA,AUTOMOVIL,CHEVROLET,CALI,PARTICULAR,NO APLICA,,
HERIDOS,04/06/2020 12:00:00 AM,2020,1899-12-31T07:00:00.000,MAÑANA,1_LUNES,CENTRO,CALLE 32 CARRERA 31,URBANA,TECNICO,3.52925,-76.30131,DESOBEDECER SEÑALES,MOTOCICLISTA,CHOQUE,1,NO APLICA,PALMIRA,NO APLICA,MOTO,HONDA,PRADERA,PARTICULAR,NO APLICA,,
HERIDOS,04/07/2020 12:00:00 AM,2020,1899-12-31T12:30:00.000,TARDE,2_MARTES,COLOMBIA,CARRERA 33 CALLE 35-17,URBANA,TECNICO,3.53297,-76.30279,POR ESTABLECER,NO APLICA,CHOQUE,NO APLICA,NO APLICA,NO APLICA,NO APLICA,MOTO,AKT,PRADERA,PARTICULAR,NO APLICA,,
HERIDOS,04/07/2020 12:00:00 AM,2020,1899-12-31T12:30:00.000,TARDE,2_MARTES,COLOMBIA,CARRERA 33 CALLE 35-17,URBANA,TECNICO,3.53297,-76.30279,POR ESTABLECER,MOTOCICLISTA,CHOQUE,1,NO APLICA,FRACTURAS,NO APLICA,MOTO,HERO,FLORIDA,PARTICULAR,NO APLICA,,
DAÑOS,04/07/2020 12:00:00 AM,2020,1899-12-31T11:50:00.000,MAÑANA,2_MARTES,CENTRO,CALLE 31 CARRERA 27,URBANA,TECNICO,3.52781,-76.29786,DESOBEDECER SEÑALES,NO APLICA,CHOQUE,NO APLICA,NO APLICA,NO APLICA,NO APLICA,MOTO,HONDA,GUACARI,PARTICULAR,NO APLICA,,
DAÑOS,04/07/2020 12:00:00 AM,2020,1899-12-31T11:50:00.000,MAÑANA,2_MARTES,CENTRO,CALLE 31 CARRERA 27,URBANA,TECNICO,3.52781,-76.29786,DESOBEDECER SEÑALES,NO APLICA,CHOQUE,NO APLICA,NO APLICA,NO APLICA,NO APLICA,AUTOMOVIL,RENAULT,PALMIRA,PARTICULAR,NO APLICA,,
DAÑOS,04/07/2020 12:00:00 AM,2020,1899-12-31T13:20:00.000,TARDE,2_MARTES,CENTRO,CARRERA 29 CALLE 28,URBANA,TECNICO,3.52541,-76.30001,REVERSO IMPRUDENTE,NO APLICA,CHOQUE OBJETO FIJO,NO APLICA,NO APLICA,NO APLICA,NO APLICA,TRACTO CAMION,KENWORTH,MOSQUERA,PUBLICO,NO APLICA,,
HERIDOS,04/08/2020 12:00:00 AM,2020,1899-12-31T15:20:00.000,TARDE,3_MIERCOLES,VIA CORONADO -ROZO,KM 1,RURAL,TECNICO,3.55746,-76.31017,SEMOVIENTE EN LA VIA,MOTOCICLISTA,CHOQUE SEMOVIENTE,1,NO APLICA,PALMA,NO APLICA,MOTO,SUZUKI,PRADERA,PARTICULAR,NO APLICA,,
HERIDOS,04/08/2020 12:00:00 AM,2020,1899-12-31T10:30:00.000,MAÑANA,3_MIERCOLES,URIBE,CALLE 35 CARRERA 21,URBANA,TECNICO,3.5312,-76.29245,DESOBEDECER SEÑALES,MOTOCICLISTA,CHOQUE,1,NO APLICA,RAUL,NO APLICA,MOTO,HONDA,FLORIDA,PARTICULAR,NO APLICA,,
HERIDOS,04/08/2020 12:00:00 AM,2020,1899-12-31T10:30:00.000,MAÑANA,3_MIERCOLES,URIBE,CALLE 35 CARRERA 21,URBANA,TECNICO,3.5312,-76.29245,DESOBEDECER SEÑALES,NO APLICA,CHOQUE,NO APLICA,NO APLICA,NO APLICA,NO APLICA,CAMPERO,KIA,PEREIRA,PARTICULAR,NO APLICA,,
HERIDOS,04/12/2020 12:00:00 AM,2020,1899-12-31T05:30:00.000,MADRUGADA,7_DOMINGO,LOS MANGOS,CARRERA 28 CALLE 70,URBANA,TECNICO,3.55735,-76.29124,SEMAFORO EN ROJO,MOTOCICLISTA,CHOQUE,1,NO APLICA,PALMA,NO APLICA,MOTO,AKT,PALMIRA,PARTICULAR,NO APLICA,,
HERIDOS,04/12/2020 12:00:00 AM,2020,1899-12-31T05:30:00.000,MADRUGADA,7_DOMINGO,LOS MANGOS,CARRERA 28 CALLE 70,URBANA,TECNICO,3.55735,-76.29124,SEMAFORO EN ROJO,NO APLICA,CHOQUE,NO APLICA,NO APLICA,NO APLICA,NO APLICA,CAMPERO,NISSAN,CALI,PARTICULAR,NO APLICA,,
DAÑOS,04/13/2020 12:00:00 AM,2020,1899-12-31T10:00:00.000,MAÑANA,1_LUNES,SANTA RITA,CALLE 36 CARRERA 28-23,URBANA,TECNICO,3.53288,-76.2984,DETENER   UN VEHICULO SIN TOMAR MEDIDAS DE PRECAUCION,NO APLICA,CHOQUE,NO APLICA,NO APLICA,NO APLICA,NO APLICA,CAMION,INTERNATIONAL,MAGDALENA,PARTICULAR,NO APLICA,,
DAÑOS,04/13/2020 12:00:00 AM,2020,1899-12-31T10:00:00.000,MAÑANA,1_LUNES,SANTA RITA,CALLE 36 CARRERA 28-23,URBANA,TECNICO,3.53288,-76.2984,DETENER   UN VEHICULO SIN TOMAR MEDIDAS DE PRECAUCION,NO APLICA,CHOQUE,NO APLICA,NO APLICA,NO APLICA,NO APLICA,AUTOMOVIL,MAZDA,ANDALUCIA,PARTICULAR,NO APLICA,,
HERIDOS,04/13/2020 12:00:00 AM,2020,1899-12-31T11:15:00.000,MAÑANA,1_LUNES,TREBOL,CALLE 27 CARRERA 23,URBANA,TECNICO,3.52385,-76.29505,DESOBEDECER SEÑALES,MOTOCICLISTA,CHOQUE,1,NO APLICA,RAUL,NO APLICA,MOTO,HONDA,ANDALUCIA,PARTICULAR,NO APLICA,,
HERIDOS,04/13/2020 12:00:00 AM,2020,1899-12-31T11:15:00.000,MAÑANA,1_LUNES,TREBOL,CALLE 27 CARRERA 23,URBANA,TECNICO,3.52385,-76.29505,DESOBEDECER SEÑALES,NO APLICA,CHOQUE,NO APLICA,NO APLICA,NO APLICA,NO APLICA,MOTO,KEEWAY,GUACARI,PARTICULAR,NO APLICA,,
HERIDOS,04/17/2020 12:00:00 AM,2020,1899-12-31T11:20:00.000,MAÑANA,5_VIERNES,GUAYACANES,CALLE 27 CARRERA 20-62,URBANA,TECNICO,3.52361,-76.29271,TRANSITAR EN CONTRA VIA,NO APLICA,CHOQUE,NO APLICA,NO APLICA,NO APLICA,NO APLICA,MOTO,HONDA,CALI,PARTICULAR,NO APLICA,,
HERIDOS,04/17/2020 12:00:00 AM,2020,1899-12-31T11:20:00.000,MAÑANA,5_VIERNES,GUAYACANES,CALLE 27 CARRERA 20-62,URBANA,TECNICO,3.52361,-76.29271,TRANSITAR EN CONTRA VIA,PEATON,CHOQUE,1,NO APLICA,RAUL,NO APLICA,NO APLICA,NO APLICA,NO APLICA,NO APLICA,NO APLICA,,