GRAVEDAD,FECHA,AÑO,HORA,JORNADA,DIA_SEMANA,BARRIOS_CORREGIMIENTO_VIA,DIRECCION,ZONA,AUTORIDAD,LAT,LONG,HIPOTESIS,CONDICION_DE_LA_VICTIMA,CLASE_DE_SINIESTRO,LESIONADO,HOMICIDIOS,CLINICA,SITIO,CLASE_DE_VEHICULO,MARCA,MATRICULA,TIPO_DE_SERVICIO,EMPRESA, , .1
DAÑOS,05/12/2020 12:00:00 AM,2020,1899-12-31T11:40:00.000,MAÑANA,2_MARTES,CUIDAD DEL CAMPO,CALLE 97 #12-91,URBANA,TECNICO,3.45583,-76.4708,REVERSO IMPRUDENTE,NO APLICA,CHOQUE,NO APLICA,NO APLICA,NO APLICA,NO APLICA,AUTOMOVIL,HYUNDAI,CALI,PARTICULAR,NO APLICA,,
DAÑOS,05/12/2020 12:00:00 AM,2020,1899-12-31T11:40:00.000,MAÑANA,2_MARTES,CUIDAD DEL CAMPO,CALLE 97 #12-91,URBANA,TECNICO,3.45583,-76.4708,REVERSO IMPRUDENTE,NO APLICA,CHOQUE,NO APLICA,NO APLICA,NO APLICA,NO APLICA,AUTOMOVIL,RENAULT,CALI,PARTICULAR,NO APLICA,,
DAÑOS,05/12/2020 12:00:00 AM,2020,1899-12-31T11:15:00.000,MAÑANA,2_MARTES,POBLADO,CALLE 43 CARRERA 13-14,URBANA,TECNICO,3.53755,-76.28573,NO MANTENER DISTANCIA,NO APLICA,CHOQUE,NO APLICA,NO APLICA,NO APLICA,NO APLICA,CAMIONETA,FORD,GUACARI,PARTICULAR,NO APLICA,,
DAÑOS,05/12/2020 12:00:00 AM,2020,1899-12-31T11:15:00.000,MAÑANA,2_MARTES,POBLADO,CALLE 43 CARRERA 13-14,URBANA,TECNICO,3.53755,-76.28573,NO MANTENER DISTANCIA,NO APLICA,CHOQUE,NO APLICA,NO APLICA,NO APLICA,NO APLICA,CAMION,MERCEDES,PALMIRA,PARTICULAR,NO APLICA,,
DAÑOS,05/13/2020 12:00:00 AM,2020,1899-12-31T14:10:00.000,TARDE,3_MIERCOLES,URIBE,CALLE 36 CARRERA 21,URBANA,TECNICO,3.53203,-76.29231,DESOBEDECER SEÑAL,NO APLICA,CHOQUE,NO APLICA,NO APLICA,NO APLICA,NO APLICA,AUTOMOVIL,KIA,PALMIRA,PUBLICO,TRANS UNIDOS,,
DAÑOS,05/13/2020 12:00:00 AM,2020,1899-12-31T14:10:00.000,TARDE,3_MIERCOLES,URIBE,CALLE 36 CARRERA 21,URBANA,TECNICO,3.53203,-76.29231,DESOBEDECER SEÑAL,NO APLICA,CHOQUE,NO APLICA,NO APLICA,NO APLICA,NO APLICA,AUTOMOVIL,CHEVROLET,IBAGUE,PARTICULAR,NO APLICA,,
MUERTO,05/13/2020 12:00:00 AM,2020,1899-12-31T14:20:00.000,TARDE,3_MIERCOLES,SAN PEDRO,CALLE 37 CARRERA 12,URBANA,TECNICO,3.53346,-76.28498,PERDIDA DE CONTROL,MOTOCICLISTA,CHOQUE OBJETO FIJO,NO APLICA,1,NO APLICA,NO APLICA,MOTO,HONDA,DOSQUEBRADAS,PARTICULAR,NO APLICA,,
HERIDOS,05/14/2020 12:00:00 AM,2020,1899-12-31T14:30:00.000,TARDE,4_JUEVES,ESTONIA,CARRERA 32A CALLE 44,URBANA,TECNICO,3.53989,-76.30139,DESOBEDECER SEÑAL,NO APLICA,CHOQUE,NO APLICA,NO APLICA,NO APLICA,NO APLICA,CAMIONETA,SUZUKI,PALMIRA,PARTICULAR,NO APLICA,,
HERIDOS,05/14/2020 12:00:00 AM,2020,1899-12-31T14:30:00.000,TARDE,4_JUEVES,ESTONIA,CARRERA 32A CALLE 44,URBANA,TECNICO,3.53989,-76.30139,DESOBEDECER SEÑAL,MOTOCICLISTA,CHOQUE,1,NO APLICA,PALMA,NO APLICA,MOTO,VICTORY,PALMIRA,PARTICULAR,NO APLICA,,
HERIDOS,05/15/2020 12:00:00 AM,2020,1899-12-31T00:05:00.000,MADRUGADA,5_VIERNES,RECREO,CARRERA 28 CALLE 23,URBANA,TECNICO,3.52097,-76.29982,SEMAFORO EN ROJO,NO APLICA,CHOQUE,NO APLICA,NO APLICA,NO APLICA,NO APLICA,BUS,CHEVROLET,EL CERRITO,PUBLICO,NO APLICA,,
HERIDOS,05/15/2020 12:00:00 AM,2020,1899-12-31T00:05:00.000,MADRUGADA,5_VIERNES,RECREO,CARRERA 28 CALLE 23,URBANA,TECNICO,3.52097,-76.29982,SEMAFORO EN ROJO,PASAJERO,CHOQUE,1,NO APLICA,PALMA,NO APLICA,NO APLICA,NO APLICA,NO APLICA,NO APLICA,NO APLICA,,
DAÑOS,05/14/2020 12:00:00 AM,2020,1899-12-31T11:30:00.000,MAÑANA,4_JUEVES,LOS PINOS,CARRERA 25 CALLE 41,URBANA,TECNICO,3.53674,-76.29463,DESOBEDECER SEÑAL,NO APLICA,CHOQUE,NO APLICA,NO APLICA,NO APLICA,NO APLICA,CAMIONETA,CHERY,PALMIRA,PUBLICO,UNITAX,,
DAÑOS,05/14/2020 12:00:00 AM,2020,1899-12-31T11:30:00.000,MAÑANA,4_JUEVES,LOS PINOS,CARRERA 25 CALLE 41,URBANA,TECNICO,3.53674,-76.29463,DESOBEDECER SEÑAL,NO APLICA,CHOQUE,NO APLICA,NO APLICA,NO APLICA,NO APLICA,MOTO,SUZUKI,FLORIDA,PARTICULAR,NO APLICA,,
HERIDOS,05/18/2020 12:00:00 AM,2020,1899-12-31T09:40:00.000,MAÑANA,1_LUNES,CENTRO,CALLE 32 CARRERA 26,URBANA,TECNICO,3.52845,-76.29691,DESOBEDECER SEÑAL,MOTOCICLISTA,CHOQUE,1,NO APLICA,PALMIRA,NO APLICA,MOTO,JIANLIGN,PALMIRA,PARTICULAR,NO APLICA,,
HERIDOS,05/18/2020 12:00:00 AM,2020,1899-12-31T09:40:00.000,MAÑANA,1_LUNES,CENTRO,CALLE 32 CARRERA 26,URBANA,TECNICO,3.52845,-76.29691,DESOBEDECER SEÑAL,NO APLICA,CHOQUE,NO APLICA,NO APLICA,NO APLICA,NO APLICA,MOTO,BAJAJ,GUACARI,PARTICULAR,NO APLICA,,
HERIDOS,05/18/2020 12:00:00 AM,2020,1899-12-31T10:20:00.000,MAÑANA,1_LUNES,COLOMBINA,CARRERA 18 CALLE 31,URBANA,TECNICO,3.52687,-76.29045,ARRANCAR SIN PRECAUCION,MOTOCICLISTA,CHOQUE,1,NO APLICA,PALMIRA,NO APLICA,MOTO,SUZUKI,PALMIRA,PARTICULAR,NO APLICA,,
HERIDOS,05/18/2020 12:00:00 AM,2020,1899-12-31T10:20:00.000,MAÑANA,1_LUNES,COLOMBINA,CARRERA 18 CALLE 31,URBANA,TECNICO,3.52687,-76.29045,ARRANCAR SIN PRECAUCION,NO APLICA,CHOQUE,NO APLICA,NO APLICA,NO APLICA,NO APLICA,AUTOMOVIL,TOYOTA,CALI,PARTICULAR,NO APLICA,,
HERIDOS,05/18/2020 12:00:00 AM,2020,1899-12-31T17:50:00.000,TARDE,1_LUNES,COLOMBINA,CALLE 31 CARRERA 13,URBANA,TECNICO,3.52629,-76.28611,CRUZAR SIN OBSERVAR,NO APLICA,ATROPELLO,NO APLICA,NO APLICA,NO APLICA,NO APLICA,MOTO,KAWASAKI,FUNZA,PARTICULAR,NO APLICA,,
HERIDOS,05/18/2020 12:00:00 AM,2020,1899-12-31T17:50:00.000,TARDE,1_LUNES,COLOMBINA,CALLE 31 CARRERA 13,URBANA,TECNICO,3.52629,-76.28611,CRUZAR SIN OBSERVAR,PEATON,ATROPELLO,1,NO APLICA,FRACTURAS,NO APLICA,NO APLICA,NO APLICA,NO APLICA,NO APLICA,NO APLICA,,
HERIDOS,05/19/2020 12:00:00 AM,2020,1899-12-31T08:00:00.000,MAÑANA,2_MARTES,MERCEDES,CALLE 57 CARRERA 28-55,URBANA,TECNICO,3.54769,-76.29369,ARRANCAR POR LA DERECHA,NO APLICA,CHOQUE,NO APLICA,NO APLICA,NO APLICA,NO APLICA,MOTO,BAJAJ,GINEBRA,PARTICULAR,NO APLICA,,
HERIDOS,05/19/2020 12:00:00 AM,2020,1899-12-31T08:00:00.000,MAÑANA,2_MARTES,MERCEDES,CALLE 57 CARRERA 28-55,URBANA,TECNICO,3.54769,-76.29369,ARRANCAR POR LA DERECHA,MOTOCICLISTA,CHOQUE,1,NO APLICA,PALMA,NO APLICA,MOTO,HONDA,GINEBRA,PARTICULAR,NO APLICA,,
HERIDOS,05/19/2020 12:00:00 AM,2020,1899-12-31T08:00:00.000,MAÑANA,2_MARTES,MERCEDES,CALLE 57 CARRERA 28-55,URBANA,TECNICO,3.54769,-76.29369,ARRANCAR POR LA DERECHA,NO APLICA,CHOQUE,NO APLICA,NO APLICA,NO APLICA,NO APLICA,MOTO,HONDA,GUACARI,PARTICULAR,NO APLICA,,
DAÑOS,05/19/2020 12:00:00 AM,2020,1899-12-31T18:20:00.000,NOCHE,2_MARTES,ITALIA,CARRERA 24AB CALLE 6A,URBANA,TECNICO,3.50575,-76.29633,TRANSITAR EN CONTRA VIA,NO APLICA,CHOQUE,NO APLICA,NO APLICA,NO APLICA,NO APLICA,AUTOMOVIL,CHEVROLET,PALMIRA,PARTICULAR,NO APLICA,,
HERIDOS,05/19/2020 12:00:00 AM,2020,1899-12-31T19:50:00.000,NOCHE,2_MARTES,URIBE,CALLE 35 CARRERA 23,URBANA,TECNICO,3.53141,-0.0007629399999999999,DESOBEDECER SEÑAL,MOTOCICLISTA,CHOQUE,1,NO APLICA,RAUL,NO APLICA,MOTO,HONDA,GUACARI,PARTICULAR,NO APLICA,,
HERIDOS,05/19/2020 12:00:00 AM,2020,1899-12-31T19:50:00.000,NOCHE,2_MARTES,URIBE,CALLE 35 CARRERA 23,URBANA,TECNICO,3.53141,-0.0007629399999999999,DESOBEDECER SEÑAL,NO APLICA,CHOQUE,NO APLICA,NO APLICA,NO APLICA,NO APLICA,AUTOMOVIL,KIA,PALMIRA,PARTICULAR,NO APLICA,,
HERIDOS,05/19/2020 12:00:00 AM,2020,1899-12-31T13:30:00.000,TARDE,2_MARTES,URIBE,CALLE 33 CARRERA 23,URBANA,TECNICO,3.52971,-76.29426,DESOBEDECER SEÑAL,CONDUCTOR,CHOQUE,1,NO APLICA,PALMIRA,NO APLICA,CAMIONETA,CHEVROLET,EL CERRITO,PARTICULAR,NO APLICA,,
HERIDOS,05/19/2020 12:00:00 AM,2020,1899-12-31T13:30:00.000,TARDE,2_MARTES,URIBE,CALLE 33 CARRERA 23,URBANA,TECNICO,3.52971,-76.29426,DESOBEDECER SEÑAL,NO APLICA,CHOQUE,NO APLICA,NO APLICA,NO APLICA,NO APLICA,AUTOMOVIL,RENAULT,PALMIRA,PARTICULAR,NO APLICA,,
HERIDOS,05/19/2020 12:00:00 AM,2020,1899-12-31T13:30:00.000,TARDE,2_MARTES,URIBE,CALLE 33 CARRERA 23,URBANA,TECNICO,3.52971,-76.29426,DESOBEDECER SEÑAL,ACOMPAÑANTE CONDUCTOR,CHOQUE,1,NO APLICA,PALMIRA,NO APLICA,NO APLICA,NO APLICA,NO APLICA,NO APLICA,NO APLICA,,
HERIDOS,05/19/2020 12:00:00 AM,2020,1899-12-31T22:30:00.000,NOCHE,2_MARTES,CAMPESTRE,CALLE 42 CARRERA 9,URBANA,TECNICO,3.53698,-76.28231,DESOBEDECER SEÑAL,MOTOCICLISTA,CHOQUE,1,NO APLICA,PALMA,NO APLICA,MOTO,AKT,PALMIRA,PARTICULAR,NO APLICA,,
HERIDOS,05/19/2020 12:00:00 AM,2020,1899-12-31T22:30:00.000,NOCHE,2_MARTES,CAMPESTRE,CALLE 42 CARRERA 9,URBANA,TECNICO,3.53698,-76.28231,DESOBEDECER SEÑAL,NO APLICA,CHOQUE,NO APLICA,NO APLICA,NO APLICA,NO APLICA,AUTOMOVIL,CHEVROLET,CALI,PARTICULAR,NO APLICA,,
HERIDOS,05/20/2020 12:00:00 AM,2020,1899-12-31T00:45:00.000,MADRUGADA,3_MIERCOLES,VIA PALMIRA - GUAYABAL,KM 2 + 796 MTS,URBANA,TECNICO,3.54456,-76.26816,PERDIDA DE CONTROL,MOTOCICLISTA,VOLCAMIENTO,1,NO APLICA,PALMA,NO APLICA,MOTO,HONDA,PRADERA,PARTICULAR,NO APLICA,,
HERIDOS,05/21/2020 12:00:00 AM,2020,1899-12-31T16:15:00.000,TARDE,4_JUEVES,ALTAMIRA,CARRERA 19 CALLE 46,URBANA,TECNICO,3.54093,-76.29091,DESOBEDECER SEÑAL,MOTOCICLISTA,CHOQUE,1,NO APLICA,PALMA,NO APLICA,MOTO,HERO,PRADERA,PARTICULAR,NO APLICA,,
HERIDOS,05/21/2020 12:00:00 AM,2020,1899-12-31T16:15:00.000,TARDE,4_JUEVES,ALTAMIRA,CARRERA 19 CALLE 46,URBANA,TECNICO,3.54093,-76.29091,DESOBEDECER SEÑAL,NO APLICA,CHOQUE,NO APLICA,NO APLICA,NO APLICA,NO APLICA,MOTO,SUZUKI,PALMIRA,PARTICULAR,NO APLICA,,
DAÑOS,05/22/2020 12:00:00 AM,2020,1899-12-31T06:40:00.000,MAÑANA,5_VIERNES,LAS PALMERAS,CALLE 35 CARRERA 1,URBANA,TECNICO,3.5311,-76.27731,GIRAR EN U,NO APLICA,CHOQUE,NO APLICA,NO APLICA,NO APLICA,NO APLICA,BUS,HINO,CAJICA,PARTICULAR,NO APLICA,,
DAÑOS,05/22/2020 12:00:00 AM,2020,1899-12-31T06:40:00.000,MAÑANA,5_VIERNES,LAS PALMERAS,CALLE 35 CARRERA 1,URBANA,TECNICO,3.5311,-76.27731,GIRAR EN U,NO APLICA,CHOQUE,NO APLICA,NO APLICA,NO APLICA,NO APLICA,MOTO,KEEWAY,PRADERA,PARTICULAR,NO APLICA,,
DAÑOS,05/22/2020 12:00:00 AM,2020,1899-12-31T12:50:00.000,TARDE,5_VIERNES,CENTRO,CALLE 31 CARRERA 33A,URBANA,TECNICO,3.52876,-76.30431,NO MANTENER DISTANCIA,NO APLICA,CHOQUE,NO APLICA,NO APLICA,NO APLICA,NO APLICA,MOTO,HONDA,HONDA,PARTICULAR,NO APLICA,,
DAÑOS,05/22/2020 12:00:00 AM,2020,1899-12-31T12:50:00.000,TARDE,5_VIERNES,CENTRO,CALLE 31 CARRERA 33A,URBANA,TECNICO,3.52876,-76.30431,NO MANTENER DISTANCIA,NO APLICA,CHOQUE,NO APLICA,NO APLICA,NO APLICA,NO APLICA,AUTOMOVIL,VOLKWAGEN,CALI,PARTICULAR,NO APLICA,,
DAÑOS,05/22/2020 12:00:00 AM,2020,1899-12-31T12:50:00.000,TARDE,5_VIERNES,CENTRO,CALLE 31 CARRERA 33A,URBANA,TECNICO,3.52876,-76.30431,NO MANTENER DISTANCIA,NO APLICA,CHOQUE,NO APLICA,NO APLICA,NO APLICA,NO APLICA,CAMIONETA,CHEVROLET,COTA,PUBLICO,NO APLICA,,
HERIDOS,05/22/2020 12:00:00 AM,2020,1899-12-31T14:20:00.000,TARDE,5_VIERNES,URIBE,CARRERA 21 CALLE 34,URBANA,TECNICO,3.53032,-76.29252,DESOBEDECER SEÑAL,MOTOCICLISTA,CHOQUE,1,NO APLICA,PALMIRA,NO APLICA,MOTO,YAMAHA,IBAGUE,PARTICULAR,NO APLICA,,
HERIDOS,05/22/2020 12:00:00 AM,2020,1899-12-31T14:20:00.000,TARDE,5_VIERNES,URIBE,CARRERA 21 CALLE 34,URBANA,TECNICO,3.53032,-76.29252,DESOBEDECER SEÑAL,NO APLICA,CHOQUE,NO APLICA,NO APLICA,NO APLICA,NO APLICA,AUTOMOVIL,KIA,PALMIRA,PARTICULAR,NO APLICA,,
DAÑOS,05/22/2020 12:00:00 AM,2020,1899-12-31T14:50:00.000,TARDE,5_VIERNES,URIBE,CARRERA 21 CALLE 34 -19,URBANA,TECNICO,3.53072,-76.2925,DESOBEDECER SEÑAL,NO APLICA,CHOQUE,NO APLICA,NO APLICA,NO APLICA,NO APLICA,MOTO,HONDA,PRADERA,PARTICULAR,NO APLICA,,
DAÑOS,05/22/2020 12:00:00 AM,2020,1899-12-31T14:50:00.000,TARDE,5_VIERNES,URIBE,CARRERA 21 CALLE 34 -19,URBANA,TECNICO,3.53072,-76.2925,DESOBEDECER SEÑAL,NO APLICA,CHOQUE,NO APLICA,NO APLICA,NO APLICA,NO APLICA,CAMIONETA,HYUNDAI,MOSQUERA,PUBLICO,NO APLICA,,
DAÑOS,05/22/2020 12:00:00 AM,2020,1899-12-31T15:20:00.000,TARDE,5_VIERNES,SANTA RITA,CARRERA 27 CALLE 38,URBANA,TECNICO,3.53466,-76.29674,DESOBEDECER SEÑAL,NO APLICA,CHOQUE,NO APLICA,NO APLICA,NO APLICA,NO APLICA,AUTOMOVIL,RENAULT,TULUA,PARTICULAR,NO APLICA,,
DAÑOS,05/22/2020 12:00:00 AM,2020,1899-12-31T15:20:00.000,TARDE,5_VIERNES,SANTA RITA,CARRERA 27 CALLE 38,URBANA,TECNICO,3.53466,-76.29674,DESOBEDECER SEÑAL,NO APLICA,CHOQUE,NO APLICA,NO APLICA,NO APLICA,NO APLICA,AUTOMOVIL,CHEVROLET,CALI,PARTICULAR,NO APLICA,,
HERIDOS,05/22/2020 12:00:00 AM,2020,1899-12-31T16:00:00.000,TARDE,5_VIERNES,SANTA RITA,CALLE 33CARRERA27,URBANA,TECNICO,3.53017,-76.29744,SEMAFORO EN ROJO,MOTOCICLISTA,CHOQUE,1,NO APLICA,FRACTURAS,NO APLICA,MOTO,HONDA,GUACARI,PARTICULAR,NO APLICA,,
HERIDOS,05/22/2020 12:00:00 AM,2020,1899-12-31T16:00:00.000,TARDE,5_VIERNES,SANTA RITA,CALLE 33CARRERA27,URBANA,TECNICO,3.53017,-76.29744,SEMAFORO EN ROJO,MOTOCICLISTA,CHOQUE,1,NO APLICA,FRACTURAS,NO APLICA,MOTO,HONDA,FLORIDA,PARTICULAR,NO APLICA,,
HERIDOS,05/22/2020 12:00:00 AM,2020,1899-12-31T16:00:00.000,TARDE,5_VIERNES,SANTA RITA,CALLE 33CARRERA27,URBANA,TECNICO,3.53017,-76.29744,SEMAFORO EN ROJO,ACOMPAÑANTE MOTOCICLISTA,CHOQUE,1,NO APLICA,FRACTURAS,NO APLICA,NO APLICA,NO APLICA,NO APLICA,NO APLICA,NO APLICA,,
HERIDOS,05/22/2020 12:00:00 AM,2020,1899-12-31T18:15:00.000,NOCHE,5_VIERNES,FRAY LUIS,CALLE 42 CARRERA 47-15,URBANA,TECNICO,3.53874,-76.31624,CRUZAR SIN OBSERVAR,MOTOCICLISTA,ATROPELLO,1,NO APLICA,PALMA,NO APLICA,MOTO,HONDA,FLORIDA,PARTICULAR,NO APLICA,,
HERIDOS,05/22/2020 12:00:00 AM,2020,1899-12-31T18:15:00.000,NOCHE,5_VIERNES,FRAY LUIS,CALLE 42 CARRERA 47-15,URBANA,TECNICO,3.53874,-76.31624,CRUZAR SIN OBSERVAR,PEATON,ATROPELLO,NO APLICA,1,PALMA,NO APLICA,NO APLICA,NO APLICA,NO APLICA,NO APLICA,NO APLICA,,
HERIDOS,05/22/2020 12:00:00 AM,2020,1899-12-31T19:15:00.000,NOCHE,5_VIERNES,BOSQUE,CALLE 31 CARRERA 13-11,URBANA,TECNICO,3.52636,-76.28654,FALLAS EN LAS LLANTAS,MOTOCICLISTA,VOLCAMIENTO,1,NO APLICA,PALMA,NO APLICA,MOTO,HONDA,PALMIRA,PARTICULAR,NO APLICA,,
HERIDOS,05/22/2020 12:00:00 AM,2020,1899-12-31T19:15:00.000,NOCHE,5_VIERNES,BOSQUE,CALLE 31 CARRERA 13-11,URBANA,TECNICO,3.52636,-76.28654,FALLAS EN LAS LLANTAS,ACOMPAÑANTE MOTOCICLISTA,VOLCAMIENTO,1,NO APLICA,PALMA,NO APLICA,NO APLICA,NO APLICA,NO APLICA,NO APLICA,NO APLICA,,
HERIDOS,05/23/2020 12:00:00 AM,2020,1899-12-31T09:30:00.000,MAÑANA,6_SABADO,COLOMBIA,CALLE 32 CARRERA 33,URBANA,TECNICO,3.52958,-76.30314,DESOBEDECER SEÑAL,MOTOCICLISTA,CHOQUE,1,NO APLICA,FRACTURAS,NO APLICA,MOTO,HONDA,GUADALAJARA,PARTICULAR,NO APLICA,,
HERIDOS,05/24/2020 12:00:00 AM,2020,1899-12-31T09:30:00.000,MAÑANA,6_SABADO,COLOMBIA,CALLE 32 CARRERA 33,URBANA,TECNICO,3.52958,-76.30314,DESOBEDECER SEÑAL,NO APLICA,CHOQUE,NO APLICA,NO APLICA,NO APLICA,NO APLICA,CAMIONETA,FORD,BOGOTA,PARTICULAR,NO APLICA,,
HERIDOS,05/24/2020 12:00:00 AM,2020,1899-12-31T09:30:00.000,MAÑANA,7_DOMINGO,COLOMBIA,CARRERA 32 CALLE 37,URBANA,TECNICO,3.53416,-76.30145,DESOBEDECER SEÑAL,MOTOCICLISTA,CHOQUE,1,NO APLICA,PALMA,NO APLICA,MOTO,AKT,GINEBRA,PARTICULAR,NO APLICA,,
HERIDOS,05/24/2020 12:00:00 AM,2020,1899-12-31T09:30:00.000,MAÑANA,7_DOMINGO,COLOMBIA,CARRERA 32 CALLE 37,URBANA,TECNICO,3.53416,-76.30145,DESOBEDECER SEÑAL,NO APLICA,CHOQUE,NO APLICA,NO APLICA,NO APLICA,NO APLICA,VOLQUETA,INTERNATIONAL,PUERTO TEJADA,PARTICULAR,NO APLICA,,
MUERTO,05/25/2020 12:00:00 AM,2020,1899-12-31T06:20:00.000,MAÑANA,1_LUNES,CENTRO POBLADO MATAPALOS,SANJON VARELA 23 MTS,RURAL,TECNICO,3.58519,-76.42845,PERDIDA DEL CONTRO,MOTOCICLISTA,CHOQUE,NO APLICA,1,NO APLICA,NO APLICA,MOTO,HONDA,GUADALAJARA,PARTICULAR,NO APLICA,,
DAÑOS,05/26/2020 12:00:00 AM,2020,1899-12-31T08:00:00.000,MAÑANA,2_MARTES,NUEVO,CALLE 18 CARRERA 31,URBANA,TECNICO,3.51709,-76.30349,DESOBEDECER SEÑAL,NO APLICA,CHOQUE,NO APLICA,NO APLICA,NO APLICA,NO APLICA,CAMPERO,RENAULT,ENVIGADO,PARTICULAR,NO APLICA,,
DAÑOS,05/26/2020 12:00:00 AM,2020,1899-12-31T08:00:00.000,MAÑANA,2_MARTES,NUEVO,CALLE 18 CARRERA 31,URBANA,TECNICO,3.51709,-76.30349,DESOBEDECER SEÑAL,NO APLICA,CHOQUE,NO APLICA,NO APLICA,NO APLICA,NO APLICA,MOTO,HONDA,CALI,PARTICULAR,NO APLICA,,
HERIDOS,05/26/2020 12:00:00 AM,2020,1899-12-31T16:00:00.000,TARDE,2_MARTES,CENTRO POBLADO POTRERILLO,AVENIDAD 4  KM 8-104,RURAL,TECNICO,3.55447,-76.20194,INVADIR CARRIL,NO APLICA,CHOQUE,NO APLICA,NO APLICA,NO APLICA,NO APLICA,CAMION,CHEVROLET,CHOCONTA,PARTICULAR,NO APLICA,,
HERIDOS,05/26/2020 12:00:00 AM,2020,1899-12-31T16:00:00.000,TARDE,2_MARTES,CENTRO POBLADO POTRERILLO,AVENIDAD 4  KM 8-104,RURAL,TECNICO,3.55447,-76.20194,INVADIR CARRIL,MOTOCICLISTA,CHOQUE,1,NO APLICA,PALMA,NO APLICA,MOTO,AKT,DOSQUEBRADAS,PARTICULAR,NO APLICA,,
DAÑOS,05/27/2020 12:00:00 AM,2020,1899-12-31T12:10:00.000,TARDE,3_MIERCOLES,LA EMILIA,CARRERA 35 CALLE 40-280,URBANA,TECNICO,3.53759,-76.30647,CAMBIO DE CARIL CON O SIN INDICACION,NO APLICA,CHOQUE,NO APLICA,NO APLICA,NO APLICA,NO APLICA,CAMIONETA,TOYOTA,CALI,PARTICULAR,NO APLICA,,
DAÑOS,05/27/2020 12:00:00 AM,2020,1899-12-31T12:10:00.000,TARDE,3_MIERCOLES,LA EMILIA,CARRERA 35 CALLE 40-280,URBANA,TECNICO,3.53759,-76.30647,CAMBIO DE CARIL CON O SIN INDICACION,NO APLICA,CHOQUE,NO APLICA,NO APLICA,NO APLICA,NO APLICA,CAMION,CHEVROLET,BOGOTA,PUBLICO,NO APLICA,,
DAÑOS,05/27/2020 12:00:00 AM,2020,1899-12-31T11:20:00.000,MAÑANA,3_MIERCOLES,URIBE,CALLE 34 CARRERA 25,URBANA,TECNICO,3.53078,-76.2957,DESOBEDECER SEÑAL,NO APLICA,CHOQUE,NO APLICA,NO APLICA,NO APLICA,NO APLICA,AUTOMOVIL,KIA,CALI,PARTICULAR,NO APLICA,,
DAÑOS,05/27/2020 12:00:00 AM,2020,1899-12-31T11:20:00.000,MAÑANA,3_MIERCOLES,URIBE,CALLE 34 CARRERA 25,URBANA,TECNICO,3.53078,-76.2957,DESOBEDECER SEÑAL,NO APLICA,CHOQUE,NO APLICA,NO APLICA,NO APLICA,NO APLICA,AUTOMOVIL,HYUNDAI,PALMIRA,PUBLICO,NO APLICA,,
DAÑOS,05/28/2020 12:00:00 AM,2020,1899-12-31T07:00:00.000,MAÑANA,4_JUEVES,OBRERO,CALLE 36 CARRERA 26,URBANA,TECNICO,3.53254,-76.2963,DESOBEDECER SEÑAL,NO APLICA,CHOQUE,NO APLICA,NO APLICA,NO APLICA,NO APLICA,MOTO,HERO,QUIMBQYA,PARTICULAR,NO APLICA,,
DAÑOS,05/28/2020 12:00:00 AM,2020,1899-12-31T07:00:00.000,MAÑANA,4_JUEVES,OBRERO,CALLE 36 CARRERA 26,URBANA,TECNICO,3.53254,-76.2963,DESOBEDECER SEÑAL,NO APLICA,CHOQUE,NO APLICA,NO APLICA,NO APLICA,NO APLICA,AUTOMOVIL,KIA,CALI,PARTICULAR,NO APLICA,,
DAÑOS,05/29/2020 12:00:00 AM,2020,1899-12-31T07:00:00.000,MAÑANA,5_VIERNES,CENTRO,CARRERA 28 CALLE 29-15,URBANA,TECNICO,3.52641,-76.29902,NO ESTAR PENDIENTE DE LA VIA,NO APLICA,CHOQUE,NO APLICA,NO APLICA,NO APLICA,NO APLICA,MOTO,VICTORY,PALMIRA,PARTICULAR,NO APLICA,,
DAÑOS,05/29/2020 12:00:00 AM,2020,1899-12-31T07:00:00.000,MAÑANA,5_VIERNES,CENTRO,CARRERA 28 CALLE 29-15,URBANA,TECNICO,3.52641,-76.29902,NO ESTAR PENDIENTE DE LA VIA,NO APLICA,CHOQUE,NO APLICA,NO APLICA,NO APLICA,NO APLICA,MOTO,YAMAHA,PRADERA,PARTICULAR,NO APLICA,,
HERIDOS,05/28/2020 12:00:00 AM,2020,1899-12-31T14:20:00.000,TARDE,4_JUEVES,BIZERTA,CALLE 37 CARRERA22,URBANA,TECNICO,3.53299,-76.29303,DESOBEDECER SEÑAL,NO APLICA,CHOQUE,NO APLICA,NO APLICA,NO APLICA,NO APLICA,AUTOMOVIL,KIA,PALMIRA,PARTICULAR,UNITAX,,
HERIDOS,05/28/2020 12:00:00 AM,2020,1899-12-31T14:20:00.000,TARDE,4_JUEVES,BIZERTA,CALLE 37 CARRERA22,URBANA,TECNICO,3.53299,-76.29303,DESOBEDECER SEÑAL,NO APLICA,CHOQUE,NO APLICA,NO APLICA,NO APLICA,NO APLICA,AUTOMOVIL,NISSAN,FUNZA,PARTICULAR,NO APLICA,,
HERIDOS,05/28/2020 12:00:00 AM,2020,1899-12-31T14:20:00.000,TARDE,4_JUEVES,BIZERTA,CALLE 37 CARRERA22,URBANA,TECNICO,3.53299,-76.29303,DESOBEDECER SEÑAL,PASAJERO,CHOQUE,1,NO APLICA,PALMIRA,NO APLICA,NO APLICA,NO APLICA,NO APLICA,NO APLICA,NO APLICA,,