GRAVEDAD,FECHA,AÑO,HORA,JORNADA,DIA_SEMANA,BARRIOS_CORREGIMIENTO_VIA,DIRECCION,ZONA,AUTORIDAD,LAT,LONG,HIPOTESIS,CONDICION_DE_LA_VICTIMA,CLASE_DE_SINIESTRO,LESIONADO,HOMICIDIOS,CLINICA,SITIO,CLASE_DE_VEHICULO,MARCA,MATRICULA,TIPO_DE_SERVICIO,EMPRESA, , .1
DAÑOS,06/19/2020 12:00:00 AM,2020,1899-12-31T17:20:00.000,TARDE,5_VIERNES,RIVERA ESCOBAR,CALLE 31 CARRERA 36,URBANA,TECNICO,3.52912,-76.30674,GIRAR CON O SIN INDICACION,NO APLICA,CHOQUE,NO APLICA,NO APLICA,NO APLICA,NO APLICA,MOTO,HONDA,GUACARI,PARTICULAR,NO APLICA,,
DAÑOS,06/19/2020 12:00:00 AM,2020,1899-12-31T17:20:00.000,TARDE,5_VIERNES,RIVERA ESCOBAR,CALLE 31 CARRERA 36,URBANA,TECNICO,3.52912,-76.30674,GIRAR CON O SIN INDICACION,NO APLICA,CHOQUE,NO APLICA,NO APLICA,NO APLICA,NO APLICA,AUTOMOVIL,CHEVROLET,CALI,PARTICULAR,NO APLICA,,
HERIDOS,06/19/2020 12:00:00 AM,2020,1899-12-31T18:00:00.000,NOCHE,5_VIERNES,ALTAMIRA,CALLE 46 CARRERA 25,URBANA,TECNICO,3.54102,-76.29381,ADELANTAR INTERSECCION,NO APLICA,CHOQUE,NO APLICA,NO APLICA,NO APLICA,NO APLICA,AUTOMOVIL,FORD,CALI,PARTICULAR,NO APLICA,,
HERIDOS,06/19/2020 12:00:00 AM,2020,1899-12-31T18:00:00.000,NOCHE,5_VIERNES,ALTAMIRA,CALLE 46 CARRERA 25,URBANA,TECNICO,3.54102,-76.29381,ADELANTAR INTERSECCION,MOTOCICLISTA,CHOQUE,1,NO APLICA,PALMIRA,NO APLICA,MOTO,SUZUKI,PALMIRA,PARTICULAR,NO APLICA,,
HERIDOS,06/21/2020 12:00:00 AM,2020,1899-12-31T15:30:00.000,TARDE,7_DOMINGO,RECREO,CALLE 23 CARRERA 18,URBANA,TECNICO,3.52076,-76.29096,SEMAFORO EN ROJO,NO APLICA,CHOQUE,NO APLICA,NO APLICA,NO APLICA,NO APLICA,AUTOMOVIL,RENAULT,PALMIRA,PARTICULAR,NO APLICA,,
HERIDOS,06/21/2020 12:00:00 AM,2020,1899-12-31T15:30:00.000,TARDE,7_DOMINGO,RECREO,CALLE 23 CARRERA 18,URBANA,TECNICO,3.52076,-76.29096,SEMAFORO EN ROJO,MOTOCICLISTA,CHOQUE,1,NO APLICA,PALMIRA,NO APLICA,MOTO,HONDA,PALMIRA,PARTICULAR,NO APLICA,,
DAÑOS,06/19/2020 12:00:00 AM,2020,1899-12-31T21:30:00.000,NOCHE,5_VIERNES,LOS PINOS,CALLE 42 CARRERA 19,URBANA,TECNICO,3.53707,-76.29063,MAL UTILIZACION DEL CARRIL,NO APLICA,CHOQUE,NO APLICA,NO APLICA,NO APLICA,NO APLICA,AUTOMOVIL,CHEVROLET,PALMIRA,PUBLICO,NO APLICA,,
DAÑOS,06/19/2020 12:00:00 AM,2020,1899-12-31T21:30:00.000,NOCHE,5_VIERNES,LOS PINOS,CALLE 42 CARRERA 19,URBANA,TECNICO,3.53707,-76.29063,MAL UTILIZACION DEL CARRIL,NO APLICA,CHOQUE,NO APLICA,NO APLICA,NO APLICA,NO APLICA,NO APLICA,NO APLICA,NO APLICA,NO APLICA,NO APLICA,,
HERIDOS,06/22/2020 12:00:00 AM,2020,1899-12-31T17:00:00.000,TARDE,1_LUNES,OLIMPICO,CARRERA 35 CALLE 26,URBANA,TECNICO,3.5251,-76.3063,DESOBEDECER SEÑALES,MOTOCICLISTA,CHOQUE,1,NO APLICA,PALMIRA,NO APLICA,MOTO,HERO,PALMIRA,PARTICULAR,NO APLICA,,
HERIDOS,06/22/2020 12:00:00 AM,2020,1899-12-31T17:00:00.000,TARDE,1_LUNES,OLIMPICO,CARRERA 35 CALLE 26,URBANA,TECNICO,3.5251,-76.3063,DESOBEDECER SEÑALES,MOTOCICLISTA,CHOQUE,1,NO APLICA,PALMIRA,NO APLICA,MOTO,AKT,PRADERA,PARTICULAR,NO APLICA,,
HERIDOS,06/22/2020 12:00:00 AM,2020,1899-12-31T18:00:00.000,NOCHE,1_LUNES,JUNAPABLO,CALLE 57 CARRERA 41,URBANA,TECNICO,3.54784,-76.31197,DESOBEDECER SEÑALES,MOTOCICLISTA,CHOQUE,1,NO APLICA,PALMA,NO APLICA,MOTO,BAJAJ,PALMIRA,PARTICULAR,NO APLICA,,
HERIDOS,06/22/2020 12:00:00 AM,2020,1899-12-31T18:00:00.000,NOCHE,1_LUNES,JUNAPABLO,CALLE 57 CARRERA 41,URBANA,TECNICO,3.54784,-76.31197,DESOBEDECER SEÑALES,MOTOCICLISTA,CHOQUE,1,NO APLICA,PALMA,NO APLICA,MOTO,BAJAJ,MEDELLIN,PARTICULAR,NO APLICA,,
HERIDOS,06/22/2020 12:00:00 AM,2020,1899-12-31T18:00:00.000,NOCHE,1_LUNES,JUNAPABLO,CALLE 57 CARRERA 41,URBANA,TECNICO,3.54784,-76.31197,DESOBEDECER SEÑALES,ACOMPAÑANTE MOTOCICLISTA,CHOQUE,1,NO APLICA,PALMA,NO APLICA,NO APLICA,NO APLICA,NO APLICA,NO APLICA,NO APLICA,,
HERIDOS,06/22/2020 12:00:00 AM,2020,1899-12-31T18:00:00.000,NOCHE,1_LUNES,JUNAPABLO,CALLE 57 CARRERA 41,URBANA,TECNICO,3.54784,-76.31197,DESOBEDECER SEÑALES,ACOMPAÑANTE MOTOCICLISTA,CHOQUE,1,NO APLICA,PALMA,NO APLICA,NO APLICA,NO APLICA,NO APLICA,NO APLICA,NO APLICA,,
HERIDOS,06/22/2020 12:00:00 AM,2020,1899-12-31T21:20:00.000,NOCHE,1_LUNES,SANTA RITA,CALLE 38 CARRERA 38,URBANA,TECNICO,3.53594,-76.30863,DESOBEDECER SEÑALES,MOTOCICLISTA,CHOQUE,1,NO APLICA,PALMA,NO APLICA,MOTO,HONDA,MIRANDA,PARTICULAR,NO APLICA,,
HERIDOS,06/22/2020 12:00:00 AM,2020,1899-12-31T21:20:00.000,NOCHE,1_LUNES,SANTA RITA,CALLE 38 CARRERA 38,URBANA,TECNICO,3.53594,-76.30863,DESOBEDECER SEÑALES,NO APLICA,CHOQUE,NO APLICA,NO APLICA,NO APLICA,NO APLICA,AUTOMOVIL,VOLKWAGEN,CHIA,PARTICULAR,NO APLICA,,
HERIDOS,06/22/2020 12:00:00 AM,2020,1899-12-31T21:20:00.000,NOCHE,1_LUNES,SANTA RITA,CALLE 38 CARRERA 38,URBANA,TECNICO,3.53594,-76.30863,DESOBEDECER SEÑALES,ACOMPAÑANTE CONDUCTOR,CHOQUE,1,NO APLICA,PALMA,NO APLICA,NO APLICA,NO APLICA,NO APLICA,NO APLICA,NO APLICA,,
HERIDOS,06/22/2020 12:00:00 AM,2020,1899-12-31T21:20:00.000,NOCHE,1_LUNES,SANTA RITA,CALLE 38 CARRERA 38,URBANA,TECNICO,3.53594,-76.30863,DESOBEDECER SEÑALES,ACOMPAÑANTE CONDUCTOR,CHOQUE,1,NO APLICA,PALMA,NO APLICA,NO APLICA,NO APLICA,NO APLICA,NO APLICA,NO APLICA,,
HERIDOS,06/22/2020 12:00:00 AM,2020,1899-12-31T21:20:00.000,NOCHE,1_LUNES,SANTA RITA,CALLE 38 CARRERA 38,URBANA,TECNICO,3.53594,-76.30863,DESOBEDECER SEÑALES,ACOMPAÑANTE CONDUCTOR,CHOQUE,1,NO APLICA,PALMA,NO APLICA,NO APLICA,NO APLICA,NO APLICA,NO APLICA,NO APLICA,,
DAÑOS,06/21/2020 12:00:00 AM,2020,1899-12-31T13:20:00.000,TARDE,7_DOMINGO,COLOMBINA,CALLE 29 CARRERA 19-15,URBANA,TECNICO,3.52509,-76.29172,NO ESTAR PNDIENTE DE LA VIA Y DEMAS CONDUCTORES,NO APLICA,CHOQUE,NO APLICA,NO APLICA,NO APLICA,NO APLICA,CAMIONETA,NISSAN,PRADERA,PARTICULAR,NO APLICA,,
DAÑOS,06/21/2020 12:00:00 AM,2020,1899-12-31T13:20:00.000,TARDE,7_DOMINGO,COLOMBINA,CALLE 29 CARRERA 19-15,URBANA,TECNICO,3.52509,-76.29172,NO ESTAR PNDIENTE DE LA VIA Y DEMAS CONDUCTORES,NO APLICA,CHOQUE,NO APLICA,NO APLICA,NO APLICA,NO APLICA,MOTO,HONDA,PRADERA,PARTICULAR,NO APLICA,,
DAÑOS,06/23/2020 12:00:00 AM,2020,1899-12-31T19:40:00.000,NOCHE,2_MARTES,LOS MANGOS,CARRERA 28 CALLE 71-B-70,URBANA,TECNICO,3.55776,-76.29118,MAL USO DEL CARRIL,NO APLICA,CHOQUE,NO APLICA,NO APLICA,NO APLICA,NO APLICA,BUS,AGRALE,GUACARI,PUBLICO,SERVICIOS SAS,,
DAÑOS,06/23/2020 12:00:00 AM,2020,1899-12-31T19:40:00.000,NOCHE,2_MARTES,LOS MANGOS,CARRERA 28 CALLE 71-B-70,URBANA,TECNICO,3.55776,-76.29118,MAL USO DEL CARRIL,NO APLICA,CHOQUE,NO APLICA,NO APLICA,NO APLICA,NO APLICA,AUTOMOVIL,RENAULT,PALMIRA,PARTICULAR,NO APLICA,,
HERIDOS,06/24/2020 12:00:00 AM,2020,1899-12-31T09:00:00.000,MAÑANA,3_MIERCOLES,HAROL LEDER,CARRERA 34A CALLE 57,URBANA,TECNICO,3.54722,-76.30285,PERDIDA DEL CONTROL,CONDUCTOR,CHOQUE OBJETO FIJO,1,NO APLICA,PALMA,NO APLICA,AUTOMOVIL,HYUNDAI,PALMIRA,PUBLICO,NO APLICA,,
HERIDOS,06/24/2020 12:00:00 AM,2020,1899-12-31T09:00:00.000,MAÑANA,3_MIERCOLES,HAROL LEDER,CARRERA 34A CALLE 57,URBANA,TECNICO,3.54722,-76.30285,PERDIDA DEL CONTROL,PASAJERO,CHOQUE OBJETO FIJO,1,NO APLICA,PALMA,NO APLICA,NO APLICA,NO APLICA,NO APLICA,NO APLICA,NO APLICA,,
HERIDOS,06/24/2020 12:00:00 AM,2020,1899-12-31T09:20:00.000,MAÑANA,3_MIERCOLES,NUEVO,CARRERA 29 CALLE 26,URBANA,TECNICO,3.52369,-76.30028,POR ESTABLECER,MOTOCICLISTA,CHOQUE,1,NO APLICA,PALMA,NO APLICA,MOTO,BAJAJ,FLORIDA,PARTICULAR,NO APLICA,,
HERIDOS,06/24/2020 12:00:00 AM,2020,1899-12-31T09:20:00.000,MAÑANA,3_MIERCOLES,NUEVO,CARRERA 29 CALLE 26,URBANA,TECNICO,3.52369,-76.30028,POR ESTABLECER,CICLISTA,CHOQUE,1,NO APLICA,PALMA,NO APLICA,BICICLETA,NO APLICA,NO APLICA,PARTICULAR,NO APLICA,,
HERIDOS,06/24/2020 12:00:00 AM,2020,1899-12-31T11:20:00.000,MAÑANA,3_MIERCOLES,TREBOL,CALLE 26 A CARRERA 21,URBANA,TECNICO,3.52311,-76.2934,DESOBEDECER SEÑALES,MOTOCICLISTA,CHOQUE,1,NO APLICA,PALMIRA,NO APLICA,MOTO,HONDA,GUACARI,PARTICULAR,NO APLICA,,
HERIDOS,06/24/2020 12:00:00 AM,2020,1899-12-31T11:20:00.000,MAÑANA,3_MIERCOLES,TREBOL,CALLE 26 A CARRERA 21,URBANA,TECNICO,3.52311,-76.2934,DESOBEDECER SEÑALES,NO APLICA,CHOQUE,NO APLICA,NO APLICA,NO APLICA,NO APLICA,AUTOMOVIL,CHEVROLET,BUGA,PARTICULAR,NO APLICA,,
HERIDOS,06/24/2020 12:00:00 AM,2020,1899-12-31T19:00:00.000,NOCHE,3_MIERCOLES,COLOMBIA,CARRERA 32 CALLE 35,URBANA,TECNICO,3.53249,-76.30172,POR ESTABLECER,PEATON,ATROPELLO,1,NO APLICA,RAUL,NO APLICA,NO APLICA,NO APLICA,NO APLICA,NO APLICA,NO APLICA,,
HERIDOS,06/24/2020 12:00:00 AM,2020,1899-12-31T21:25:00.000,NOCHE,3_MIERCOLES,ALAMEDA,CARRERA 26 CALLE 70,URBANA,TECNICO,3.55663,-76.28853,DESOBEDECER SEÑALES,MOTOCICLISTA,CHOQUE,1,NO APLICA,PALMA,NO APLICA,MOTO,BAJAJ,FLORIDA,PARTICULAR,NO APLICA,,
HERIDOS,06/24/2020 12:00:00 AM,2020,1899-12-31T21:25:00.000,NOCHE,3_MIERCOLES,ALAMEDA,CARRERA 26 CALLE 70,URBANA,TECNICO,3.55663,-76.28853,DESOBEDECER SEÑALES,NO APLICA,CHOQUE,NO APLICA,NO APLICA,NO APLICA,NO APLICA,MOTO,YAMAHA,CALI,PARTICULAR,NO APLICA,,
HERIDOS,06/25/2020 12:00:00 AM,2020,1899-12-31T14:30:00.000,TARDE,4_JUEVES,RIVERA ESCOBAR,CALLE 31 CARRERA 37-50,URBANA,TECNICO,3.52926,-76.30763,REALIZAR GIRO EN U,MOTOCICLISTA,CHOQUE,1,NO APLICA,PALMIRA,NO APLICA,MOTO,YAMAHA,TULUA,PARTICULAR,NO APLICA,,
HERIDOS,06/25/2020 12:00:00 AM,2020,1899-12-31T14:30:00.000,TARDE,4_JUEVES,RIVERA ESCOBAR,CALLE 31 CARRERA 37-50,URBANA,TECNICO,3.52926,-76.30763,REALIZAR GIRO EN U,NO APLICA,CHOQUE,NO APLICA,NO APLICA,NO APLICA,NO APLICA,AUTOMOVIL,CHEVROLET,CALI,PARTICULAR,NO APLICA,,
HERIDOS,06/26/2020 12:00:00 AM,2020,1899-12-31T06:30:00.000,MAÑANA,5_VIERNES,LA ITALIA,TRANSVERSAL 30 CALLE 6E-45,URBANA,TECNICO,3.50607,-76.30203,GIRO EN U,MOTOCICLISTA,CHOQUE,1,NO APLICA,RAUL,NO APLICA,MOTO,BAJAJ,GUACARI,PARTICULAR,NO APLICA,,
HERIDOS,06/26/2020 12:00:00 AM,2020,1899-12-31T06:30:00.000,MAÑANA,5_VIERNES,LA ITALIA,TRANSVERSAL 30 CALLE 6E-45,URBANA,TECNICO,3.50607,-76.30203,GIRO EN U,NO APLICA,CHOQUE,NO APLICA,NO APLICA,NO APLICA,NO APLICA,BUS,CHEVROLET,PALMIRA,PUBLICO,LINEAS DEL VALLE,,
HERIDOS,06/29/2020 12:00:00 AM,2020,1899-12-31T13:40:00.000,TARDE,1_LUNES,RECREO,CALLE 19 CARRERA 28,URBANA,TECNICO,3.51782,-76.30029,DESOBEDECER SEÑALES,NO APLICA,CHOQUE,NO APLICA,NO APLICA,NO APLICA,NO APLICA,AUTOMOVIL,PEUGEOT,BOGOTA,PARTICULAR,NO APLICA,,
HERIDOS,06/29/2020 12:00:00 AM,2020,1899-12-31T13:40:00.000,TARDE,1_LUNES,RECREO,CALLE 19 CARRERA 28,URBANA,TECNICO,3.51782,-76.30029,DESOBEDECER SEÑALES,MOTOCICLISTA,CHOQUE,1,NO APLICA,FRACTURAS,NO APLICA,MOTO,HONDA,FLORIDA,PARTICULAR,NO APLICA,,
HERIDOS,06/30/2020 12:00:00 AM,2020,1899-12-31T14:30:00.000,TARDE,2_MARTES,CAMPESTRE,CALLE 42 CARRERA 12,URBANA,TECNICO,3.53711,-76.29073,GIRAR BRUSCAMENTE,NO APLICA,CHOQUE,NO APLICA,NO APLICA,NO APLICA,NO APLICA,BICICLETA,NO APLICA,NO APLICA,PARTICULAR,NO APLICA,,
HERIDOS,06/30/2020 12:00:00 AM,2020,1899-12-31T14:30:00.000,TARDE,2_MARTES,CAMPESTRE,CALLE 42 CARRERA 12,URBANA,TECNICO,3.53711,-76.29073,GIRAR BRUSCAMENTE,MOTOCICLISTA,CHOQUE,1,NO APLICA,FRACTURAS,NO APLICA,MOTO,HONDA,LA VIRGINIA,PARTICULAR,NO APLICA,,
DAÑOS,06/30/2020 12:00:00 AM,2020,1899-12-31T15:50:00.000,TARDE,2_MARTES,NUEVO,CARRERA 32 - 15CALLE 20,URBANA,TECNICO,3.51909,-76.30416,NO ESTAR PNDIENTE DE LA VIA Y DEMAS CONDUCTORES,NO APLICA,CHOQUE,NO APLICA,NO APLICA,NO APLICA,NO APLICA,AUTOMOVIL,RENAULT,CALI,PARTICULAR,NO APLICA,,
DAÑOS,06/30/2020 12:00:00 AM,2020,1899-12-31T15:50:00.000,TARDE,2_MARTES,NUEVO,CARRERA 32 - 15CALLE 20,URBANA,TECNICO,3.51909,-76.30416,NO ESTAR PNDIENTE DE LA VIA Y DEMAS CONDUCTORES,NO APLICA,CHOQUE,NO APLICA,NO APLICA,NO APLICA,NO APLICA,CAMION,CHEVROLET,BUGA,PUBLICO,NO APLICA,,
HERIDOS,06/27/2020 12:00:00 AM,2020,1899-12-31T16:15:00.000,TARDE,6_SABADO,RECREO,CALLE 18 CARRERA 30,URBANA,TECNICO,3.51694,-76.30256,DESOBEDECER SEÑALES,MOTOCICLISTA,CHOQUE,1,NO APLICA,RAUL,NO APLICA,MOTO,HONDA,CANDELARIA,PARTICULAR,NO APLICA,,
HERIDOS,06/27/2020 12:00:00 AM,2020,1899-12-31T16:15:00.000,TARDE,6_SABADO,RECREO,CALLE 18 CARRERA 30,URBANA,TECNICO,3.51694,-76.30256,DESOBEDECER SEÑALES,MOTOCICLISTA,CHOQUE,1,NO APLICA,RAUL,NO APLICA,MOTO,NO APLICA,NO APLICA,PARTICULAR,NO APLICA,,
HERIDOS,06/30/2020 12:00:00 AM,2020,1899-12-31T22:15:00.000,NOCHE,2_MARTES,COLOMBIA,CALLE 36 CARRERA 32,URBANA,TECNICO,3.5322,-76.29318,DESOBEDECER SEÑALES,MOTOCICLISTA,CHOQUE,1,NO APLICA,RAUL,NO APLICA,MOTO,SUZUKI,ENVIGADO,PARTICULAR,NO APLICA,,
HERIDOS,06/30/2020 12:00:00 AM,2020,1899-12-31T22:15:00.000,NOCHE,2_MARTES,COLOMBIA,CALLE 36 CARRERA 32,URBANA,TECNICO,3.5322,-76.29318,DESOBEDECER SEÑALES,MOTOCICLISTA,CHOQUE,1,NO APLICA,PALMIRA,NO APLICA,MOTO,BAJAJ,PALMIRA,PARTICULAR,NO APLICA,,
HERIDOS,06/30/2020 12:00:00 AM,2020,1899-12-31T22:15:00.000,NOCHE,2_MARTES,COLOMBIA,CALLE 36 CARRERA 32,URBANA,TECNICO,3.5322,-76.29318,DESOBEDECER SEÑALES,ACOMPAÑANTE MOTOCICLISTA,CHOQUE,1,NO APLICA,RAUL,NO APLICA,NO APLICA,NO APLICA,NO APLICA,NO APLICA,NO APLICA,,
DAÑOS,07/01/2020 12:00:00 AM,2020,1899-12-31T17:40:00.000,TARDE,3_MIERCOLES,INDUSTRIAL,CALLE 42 CARRERA 35 SUR,URBANA,TECNICO,3.53874,-76.3067,NO MANTENER DISTANCIA DE SEGURIDAD,NO APLICA,CHOQUE,NO APLICA,NO APLICA,NO APLICA,NO APLICA,AUTOMOVIL,MAZDA,ARMENIA,PARTICULAR,NO APLICA,,
DAÑOS,07/01/2020 12:00:00 AM,2020,1899-12-31T17:40:00.000,TARDE,3_MIERCOLES,INDUSTRIAL,CALLE 42 CARRERA 35 SUR,URBANA,TECNICO,3.53874,-76.3067,NO MANTENER DISTANCIA DE SEGURIDAD,NO APLICA,CHOQUE,NO APLICA,NO APLICA,NO APLICA,NO APLICA,MOTO,SIGMA,FLORIDA,PARTICULAR,NO APLICA,,
HERIDOS,07/01/2020 12:00:00 AM,2020,1899-12-31T08:30:00.000,MAÑANA,3_MIERCOLES,RECREO,CARRERA 29A CALLE 18,URBANA,TECNICO,3.51703,-0.0007630200000000001,DESOBEDECER SEÑALES,NO APLICA,CHOQUE,NO APLICA,NO APLICA,NO APLICA,NO APLICA,CAMIONETA,NISSAN,PALMIRA,OFICIAL,NO APLICA,,
HERIDOS,07/01/2020 12:00:00 AM,2020,1899-12-31T08:30:00.000,MAÑANA,3_MIERCOLES,RECREO,CARRERA 29A CALLE 18,URBANA,TECNICO,3.51703,-0.0007630200000000001,DESOBEDECER SEÑALES,MOTOCICLISTA,CHOQUE,1,NO APLICA,PALMIRA,NO APLICA,MOTO,HONDA,GUACARI,PARTICULAR,NO APLICA,,
HERIDOS,07/01/2020 12:00:00 AM,2020,1899-12-31T07:20:00.000,MAÑANA,3_MIERCOLES,VERSALLE S,CARRERA 25 CALLE 42-43,URBANA,TECNICO,3.37882,-76.29446,PERDIDA DEL CONTROL DEL VEHICULO,CONDUCTOR,VOLCAMIENTO,1,NO APLICA,PALMA,NO APLICA,CAMIONETA,RENAULT,PALMIRA,PARTICULAR,NO APLICA,,
HERIDOS,07/01/2020 12:00:00 AM,2020,1899-12-31T07:20:00.000,MAÑANA,3_MIERCOLES,VERSALLE S,CARRERA 25 CALLE 42-43,URBANA,TECNICO,3.37882,-76.29446,PERDIDA DEL CONTROL DEL VEHICULO,ACOMPAÑANTE CONDUCTOR,VOLCAMIENTO,1,NO APLICA,PALMA,NO APLICA,NO APLICA,NO APLICA,NO APLICA,NO APLICA,NO APLICA,,
HERIDOS,07/02/2020 12:00:00 AM,2020,1899-12-31T08:50:00.000,MAÑANA,4_JUEVES,SANTA RITA,CARRERA 27 CALLE 38,URBANA,TECNICO,3.53466,-76.29674,DESOBEDECER SEÑALES,MOTOCICLISTA,CHOQUE,1,NO APLICA,PALMIRA,NO APLICA,MOTO,YAMAHA,FLORIDA,PARTICULAR,NO APLICA,,
HERIDOS,07/02/2020 12:00:00 AM,2020,1899-12-31T08:50:00.000,MAÑANA,4_JUEVES,SANTA RITA,CARRERA 27 CALLE 38,URBANA,TECNICO,3.53466,-76.29674,DESOBEDECER SEÑALES,NO APLICA,CHOQUE,NO APLICA,NO APLICA,NO APLICA,NO APLICA,AUTOMOVIL,MAZDA,PRADERA,PARTICULAR,NO APLICA,,
HERIDOS,07/03/2020 12:00:00 AM,2020,1899-12-31T10:40:00.000,MAÑANA,5_VIERNES,TRINIDAD,CALLE 28 CARRERA 23,URBANA,TECNICO,3.52473,-76.29501,DESOBEDECER SEÑALES,MOTOCICLISTA,CHOQUE,1,NO APLICA,PALMIRA,NO APLICA,MOTO,AKT,TULUA,PARTICULAR,NO APLICA,,
HERIDOS,07/03/2020 12:00:00 AM,2020,1899-12-31T10:40:00.000,MAÑANA,5_VIERNES,TRINIDAD,CALLE 28 CARRERA 23,URBANA,TECNICO,3.52473,-76.29501,DESOBEDECER SEÑALES,MOTOCICLISTA,CHOQUE,1,NO APLICA,PALMIRA,NO APLICA,MOTO,KYMCO,GUACARI,PARTICULAR,NO APLICA,,
HERIDOS,07/03/2020 12:00:00 AM,2020,1899-12-31T10:40:00.000,MAÑANA,5_VIERNES,TRINIDAD,CALLE 28 CARRERA 23,URBANA,TECNICO,3.52473,-76.29501,DESOBEDECER SEÑALES,ACOMPAÑANTE MOTOCICLISTA,CHOQUE,1,NO APLICA,PALMIRA,NO APLICA,NO APLICA,NO APLICA,NO APLICA,NO APLICA,NO APLICA,,
DAÑOS,07/03/2020 12:00:00 AM,2020,1899-12-31T13:30:00.000,TARDE,5_VIERNES,NUEVO,CARRERA 29 CALLE 27,URBANA,TECNICO,3.52455,-76.30013,DESOBEDECER SEÑALES,NO APLICA,CHOQUE,NO APLICA,NO APLICA,NO APLICA,NO APLICA,MOTO,SUZUKI,PRADERA,PARTICULAR,NO APLICA,,
DAÑOS,07/03/2020 12:00:00 AM,2020,1899-12-31T13:30:00.000,TARDE,5_VIERNES,NUEVO,CARRERA 29 CALLE 27,URBANA,TECNICO,3.52455,-76.30013,DESOBEDECER SEÑALES,NO APLICA,CHOQUE,NO APLICA,NO APLICA,NO APLICA,NO APLICA,AUTOMOVIL,KIA,BOGOTA,PARTICULAR,NO APLICA,,
HERIDOS,07/04/2020 12:00:00 AM,2020,1899-12-31T07:10:00.000,MAÑANA,6_SABADO,COLOMBIA,CARRERA 31 CALLE 41,URBANA,TECNICO,3.5375,-76.29992,DESOBEDECER SEÑALES,NO APLICA,CHOQUE,NO APLICA,NO APLICA,NO APLICA,NO APLICA,CAMIONETA,JAC,GUACARI,PARTICULAR,NO APLICA,,
HERIDOS,07/04/2020 12:00:00 AM,2020,1899-12-31T07:10:00.000,MAÑANA,6_SABADO,COLOMBIA,CARRERA 31 CALLE 41,URBANA,TECNICO,3.5375,-76.29992,DESOBEDECER SEÑALES,MOTOCICLISTA,CHOQUE,1,NO APLICA,PALMA,NO APLICA,MOTO,SUZUKI,GUACARI,PARTICULAR,NO APLICA,,
DAÑOS,07/04/2020 12:00:00 AM,2020,1899-12-31T07:55:00.000,MAÑANA,6_SABADO,CENTRO,CALLE 29 CARRERA 32,URBANA,TECNICO,3.52657,-76.30255,SEMAFORO EN ROJO,NO APLICA,CHOQUE,NO APLICA,NO APLICA,NO APLICA,NO APLICA,CAMIONETA,RENAULT,CALI,PARTICULAR,NO APLICA,,
DAÑOS,07/04/2020 12:00:00 AM,2020,1899-12-31T07:55:00.000,MAÑANA,6_SABADO,CENTRO,CALLE 29 CARRERA 32,URBANA,TECNICO,3.52657,-76.30255,SEMAFORO EN ROJO,NO APLICA,CHOQUE,NO APLICA,NO APLICA,NO APLICA,NO APLICA,AUTOMOVIL,HYUNDAI,PALMIRA,PUBLICO,NO APLICA,,
DAÑOS,07/04/2020 12:00:00 AM,2020,1899-12-31T08:50:00.000,MAÑANA,6_SABADO,DELICIAS,CALLE 23 CARRERA 23,URBANA,TECNICO,3.52071,-76.29499,DESOBEDECER SEÑALES,NO APLICA,CHOQUE,NO APLICA,NO APLICA,NO APLICA,NO APLICA,CAMIONETA,CHEVROLET,EL CERRITO,PARTICULAR,NO APLICA,,
DAÑOS,07/04/2020 12:00:00 AM,2020,1899-12-31T08:50:00.000,MAÑANA,6_SABADO,DELICIAS,CALLE 23 CARRERA 23,URBANA,TECNICO,3.52071,-76.29499,DESOBEDECER SEÑALES,NO APLICA,CHOQUE,NO APLICA,NO APLICA,NO APLICA,NO APLICA,AUTOMOVIL,HYUNDAI,PALMIRA,PARTICULAR,NO APLICA,,
DAÑOS,07/03/2020 12:00:00 AM,2020,1899-12-31T12:10:00.000,TARDE,5_VIERNES,SEMBRADOR,CALLE 23 CARRERA 23,URBANA,TECNICO,3.52071,-76.29499,ARRANCAR SIN PRECAUCION,NO APLICA,CHOQUE,NO APLICA,NO APLICA,NO APLICA,NO APLICA,AUTOMOVIL,HYUNDAI,PALMIRA,PUBLICO,FLOTA PALMIRA,,
DAÑOS,07/03/2020 12:00:00 AM,2020,1899-12-31T12:10:00.000,TARDE,5_VIERNES,SEMBRADOR,CALLE 23 CARRERA 23,URBANA,TECNICO,3.52071,-76.29499,ARRANCAR SIN PRECAUCION,NO APLICA,CHOQUE,NO APLICA,NO APLICA,NO APLICA,NO APLICA,CAMPERO,CHEVROLET,CALI,PARTICULAR,NO APLICA,,
HERIDOS,07/04/2020 12:00:00 AM,2020,1899-12-31T15:30:00.000,TARDE,6_SABADO,LOS MANGOS,CARRERA28 CALLE 74,URBANA,TECNICO,3.5595,-76.29096,ADELANTAR POR LA DERECHA,NO APLICA,ATROPELLO,NO APLICA,NO APLICA,NO APLICA,NO APLICA,MOTO,HONDA,FLORIDA,PARTICULAR,NO APLICA,,
HERIDOS,07/04/2020 12:00:00 AM,2020,1899-12-31T15:30:00.000,TARDE,6_SABADO,LOS MANGOS,CARRERA28 CALLE 74,URBANA,TECNICO,3.5595,-76.29096,ADELANTAR POR LA DERECHA,PEATON,ATROPELLO,1,NO APLICA,FRACTURAS,NO APLICA,NO APLICA,NO APLICA,NO APLICA,NO APLICA,NO APLICA,,