GRAVEDAD,FECHA,AÑO,HORA,JORNADA,DIA_SEMANA,BARRIOS_CORREGIMIENTO_VIA,DIRECCION,ZONA,AUTORIDAD,LAT,LONG,HIPOTESIS,CONDICION_DE_LA_VICTIMA,CLASE_DE_SINIESTRO,LESIONADO,HOMICIDIOS,CLINICA,SITIO,CLASE_DE_VEHICULO,MARCA,MATRICULA,TIPO_DE_SERVICIO,EMPRESA, , .1
DAÑOS,09/12/2020 12:00:00 AM,2020,1899-12-31T11:20:00.000,MAÑANA,6_SABADO,SANCAYETANO,CALLE 42 CARRERA 25,URBANA,TECNICO,3.53761,-76.29451,POR ESTABLECER,NO APLICA,CHOQUE,NO APLICA,NO APLICA,NO APLICA,NO APLICA,MOTO,BAJAJ,GINEBRA,PARTICULAR,NO APLICA,,
HERIDOS,09/16/2020 12:00:00 AM,2020,1899-12-31T12:20:00.000,TARDE,3_MIERCOLES,PRIMERO DE MAYO,CALLE 42 CARRERA 14-05,URBANA,TECNICO,3.53708,-76.28727,NO ESTAR PENDIENTE DE LA VIA,NO APLICA,CHOQUE,NO APLICA,NO APLICA,NO APLICA,NO APLICA,AUTOMOVIL,HYUNDAI,CALI,PARTICULAR,NO APLICA,,
HERIDOS,09/16/2020 12:00:00 AM,2020,1899-12-31T12:20:00.000,TARDE,3_MIERCOLES,PRIMERO DE MAYO,CALLE 42 CARRERA 14-05,URBANA,TECNICO,3.53708,-76.28727,NO ESTAR PENDIENTE DE LA VIA,MOTOCICLISTA,CHOQUE,1,NO APLICA,PALMIRA,NO APLICA,MOTO,BAJAJ,SABANETA,PARTICULAR,NO APLICA,,
HERIDOS,09/16/2020 12:00:00 AM,2020,1899-12-31T12:20:00.000,TARDE,3_MIERCOLES,CENTRO,CALLE 28 CARRERA 29-64,URBANA,TECNICO,3.52491,-76.3001,SEMAFORO EN ROJO,MOTOCICLISTA,CHOQUE,1,NO APLICA,PALMIRA,NO APLICA,MOTO,YAMAHA,PRADERA,PARTICULAR,NO APLICA,,
HERIDOS,09/16/2020 12:00:00 AM,2020,1899-12-31T12:20:00.000,TARDE,3_MIERCOLES,CENTRO,CALLE 28 CARRERA 29-64,URBANA,TECNICO,3.52491,-76.3001,SEMAFORO EN ROJO,MOTOCICLISTA,CHOQUE,1,NO APLICA,PALMIRA,NO APLICA,MOTO,HERO,FLORIDA,PARTICULAR,NO APLICA,,
HERIDOS,09/16/2020 12:00:00 AM,2020,1899-12-31T12:20:00.000,TARDE,3_MIERCOLES,CENTRO,CALLE 28 CARRERA 29-64,URBANA,TECNICO,3.52491,-76.3001,SEMAFORO EN ROJO,ACOMPAÑANTE MOTOCICLISTA,CHOQUE,1,NO APLICA,PALMIRA,NO APLICA,NO APLICA,NO APLICA,NO APLICA,NO APLICA,NO APLICA,,
HERIDOS,09/15/2020 12:00:00 AM,2020,1899-12-31T18:00:00.000,NOCHE,2_MARTES,COLOMBIA,CARRERA 30 CALLE 36,URBANA,TECNICO,3.53305,-76.29966,SEMAFORO EN ROJO,MOTOCICLISTA,CHOQUE,1,NO APLICA,PALMA,NO APLICA,MOTO,AKT,PRADERA,PARTICULAR,NO APLICA,,
HERIDOS,09/15/2020 12:00:00 AM,2020,1899-12-31T18:00:00.000,NOCHE,2_MARTES,COLOMBIA,CARRERA 30 CALLE 36,URBANA,TECNICO,3.53305,-76.29966,SEMAFORO EN ROJO,MOTOCICLISTA,CHOQUE,1,NO APLICA,PALMA,NO APLICA,MOTO,AKT,PRADERA,PARTICULAR,NO APLICA,,
HERIDOS,09/15/2020 12:00:00 AM,2020,1899-12-31T18:00:00.000,NOCHE,2_MARTES,COLOMBIA,CARRERA 30 CALLE 36,URBANA,TECNICO,3.53305,-76.29966,SEMAFORO EN ROJO,ACOMPAÑANTE MOTOCICLISTA,CHOQUE,1,NO APLICA,PALMA,NO APLICA,NO APLICA,NO APLICA,NO APLICA,NO APLICA,NO APLICA,,
DAÑOS,09/16/2020 12:00:00 AM,2020,1899-12-31T16:00:00.000,TARDE,3_MIERCOLES,NUEVO,CARRERA 32 CALLE 22-56,URBANA,TECNICO,3.52077,-76.30379,ARRANCAR SIN PRECAUCION,NO APLICA,CHOQUE,NO APLICA,NO APLICA,NO APLICA,NO APLICA,CAMION,MERCEDES,PRADERA,PUBLICO,VEOLIA,,
DAÑOS,09/16/2020 12:00:00 AM,2020,1899-12-31T16:00:00.000,TARDE,3_MIERCOLES,NUEVO,CARRERA 32 CALLE 22-56,URBANA,TECNICO,3.52077,-76.30379,ARRANCAR SIN PRECAUCION,NO APLICA,CHOQUE,NO APLICA,NO APLICA,NO APLICA,NO APLICA,AUTOMOVIL,CHEVROLET,ALVARADO,PARTICULAR,NO APLICA,,
HERIDOS,09/18/2020 12:00:00 AM,2020,1899-12-31T07:40:00.000,MAÑANA,5_VIERNES,CENTRO,CALLE 31 CARRERA 31,URBANA,TECNICO,3.52832,-76.30146,DESOBEDECER SEÑALES,MOTOCICLISTA,CHOQUE,1,NO APLICA,PALMIRA,NO APLICA,MOTO,AKT,PALMIRA,PARTICULAR,NO APLICA,,
HERIDOS,09/18/2020 12:00:00 AM,2020,1899-12-31T07:40:00.000,MAÑANA,5_VIERNES,CENTRO,CALLE 31 CARRERA 31,URBANA,TECNICO,3.52832,-76.30146,DESOBEDECER SEÑALES,MOTOCICLISTA,CHOQUE,1,NO APLICA,PALMIRA,NO APLICA,MOTO,BAJAJ,FLORIDA,PARTICULAR,NO APLICA,,
HERIDOS,09/18/2020 12:00:00 AM,2020,1899-12-31T08:50:00.000,MAÑANA,5_VIERNES,COLOMBIA,CARRERA 32 CALLE 37 -82,URBANA,TECNICO,3.53457,-76.3014,ARRANCAR SIN PRECAUCION,MOTOCICLISTA,CHOQUE,1,NO APLICA,PALMA,NO APLICA,MOTO,AKT,PRADERA,PARTICULAR,NO APLICA,,
HERIDOS,09/18/2020 12:00:00 AM,2020,1899-12-31T08:50:00.000,MAÑANA,5_VIERNES,COLOMBIA,CARRERA 32 CALLE 37 -82,URBANA,TECNICO,3.53457,-76.3014,ARRANCAR SIN PRECAUCION,NO APLICA,CHOQUE,NO APLICA,NO APLICA,NO APLICA,NO APLICA,AUTOMOVIL,RENAULT,CALI,PARTICULAR,NO APLICA,,
HERIDOS,09/18/2020 12:00:00 AM,2020,1899-12-31T08:50:00.000,MAÑANA,5_VIERNES,INDUSTRIAL,CALE 42 CARRERA 33A -33,URBANA,TECNICO,3.53839,-76.30125,POR ESTABLECER,NO APLICA,CHOQUE,NO APLICA,NO APLICA,NO APLICA,NO APLICA,MOTO,VICTORY,PALMIRA,PARTICULAR,NO APLICA,,
HERIDOS,09/18/2020 12:00:00 AM,2020,1899-12-31T08:50:00.000,MAÑANA,5_VIERNES,INDUSTRIAL,CALE 42 CARRERA 33A -33,URBANA,TECNICO,3.53839,-76.30125,POR ESTABLECER,CICLISTA,CHOQUE,NO APLICA,1,PALMA,NO APLICA,BICICLETA,NO APLICA,NO APLICA,PARTICULAR,NO APLICA,,
DAÑOS,09/11/2020 12:00:00 AM,2020,1899-12-31T19:00:00.000,NOCHE,5_VIERNES,ZAMORANO,CALLE 66 CARRERA 31,URBANA,TECNICO,3.5555,-76.29708,NO ESTAR PENDIENTE DE LA VIA,NO APLICA,CHOQUE,NO APLICA,NO APLICA,NO APLICA,NO APLICA,AUTOMOVIL,SUZUKI,CALI,PARTICULAR,NO APLICA,,
HERIDOS,09/11/2020 12:00:00 AM,2020,1899-12-31T21:20:00.000,NOCHE,5_VIERNES,VIA PALMIRA CANDELARIA,KM 1,RURAL,TECNICO,3.4986,-76.31963,NO UTILIZAR DISPOSITIVOS LUMINOSOS,MOTOCICLISTA,CHOQUE,1,NO APLICA,PALMA,NO APLICA,MOTO,YAMAHA,GUACARI,PARTICULAR,NO APLICA,,
HERIDOS,09/11/2020 12:00:00 AM,2020,1899-12-31T21:20:00.000,NOCHE,5_VIERNES,VIA PALMIRA CANDELARIA,KM 1,RURAL,TECNICO,3.4986,-76.31963,NO UTILIZAR DISPOSITIVOS LUMINOSOS,CICLISTA,CHOQUE,1,NO APLICA,PALMA,NO APLICA,BICICLETA,NO APLICA,NO APLICA,PARTICULAR,NO APLICA,,
DAÑOS,09/13/2020 12:00:00 AM,2020,1899-12-31T14:20:00.000,TARDE,7_DOMINGO,VIA PALMIRA TIENDA NUEVA,KM 3,RURAL,TECNICO,3.54778,-76.25768,POR ESTABLECER,NO APLICA,CHOQUE,NO APLICA,NO APLICA,NO APLICA,NO APLICA,AUTOMOVIL,CHEVROLET,PRADERA,PARTICULAR,NO APLICA,,
HERIDOS,09/16/2020 12:00:00 AM,2020,1899-12-31T14:40:00.000,TARDE,3_MIERCOLES,LA ITALIA,CALLE 6 DIAGOINAL 28,URBANA,TECNICO,3.5055,-76.29885,DESOBEDECER SEÑALES,NO APLICA,CHOQUE,NO APLICA,NO APLICA,NO APLICA,NO APLICA,MOTO,HONDA,CALI,PARTICULAR,NO APLICA,,
HERIDOS,09/16/2020 12:00:00 AM,2020,1899-12-31T14:40:00.000,TARDE,3_MIERCOLES,LA ITALIA,CALLE 6 DIAGOINAL 28,URBANA,TECNICO,3.5055,-76.29885,DESOBEDECER SEÑALES,MOTOCICLISTA,CHOQUE,1,NO APLICA,PALMIRA,NO APLICA,MOTO,AKT,PRADERA,PARTICULAR,NO APLICA,,
HERIDOS,09/16/2020 12:00:00 AM,2020,1899-12-31T14:40:00.000,TARDE,3_MIERCOLES,LA ITALIA,CALLE 6 DIAGOINAL 28,URBANA,TECNICO,3.5055,-76.29885,DESOBEDECER SEÑALES,ACOMPAÑANTE MOTOCICLISTA,CHOQUE,1,NO APLICA,PALMIRA,NO APLICA,NO APLICA,NO APLICA,NO APLICA,NO APLICA,NO APLICA,,
HERIDOS,09/16/2020 12:00:00 AM,2020,1899-12-31T17:15:00.000,TARDE,3_MIERCOLES,URIBE,CALLE 36 CARRERA 23,URBANA,TECNICO,3.53231,-76.29386,DESOBEDECER SEÑALES,NO APLICA,CHOQUE,NO APLICA,NO APLICA,NO APLICA,NO APLICA,AUTOMOVIL,CHEVROLET,CALI,PARTICULAR,NO APLICA,,
HERIDOS,09/16/2020 12:00:00 AM,2020,1899-12-31T17:15:00.000,TARDE,3_MIERCOLES,URIBE,CALLE 36 CARRERA 23,URBANA,TECNICO,3.53231,-76.29386,DESOBEDECER SEÑALES,MOTOCICLISTA,CHOQUE,1,NO APLICA,NO APLICA,NO APLICA,MOTO,AUTECO,BUGA,PARTICULAR,NO APLICA,,
HERIDOS,09/16/2020 12:00:00 AM,2020,1899-12-31T17:15:00.000,TARDE,3_MIERCOLES,URIBE,CALLE 36 CARRERA 23,URBANA,TECNICO,3.53231,-76.29386,DESOBEDECER SEÑALES,ACOMPAÑANTE MOTOCICLISTA,CHOQUE,1,NO APLICA,NO APLICA,NO APLICA,NO APLICA,NO APLICA,NO APLICA,NO APLICA,NO APLICA,,
DAÑOS,09/19/2020 12:00:00 AM,2020,1899-12-31T10:50:00.000,MAÑANA,6_SABADO,CENTRO,CARRERA 33A CALLE 29-30,URBANA,TECNICO,3.52715,-76.30337,PERDIDA DEL CONTROL,NO APLICA,CHOQUE,NO APLICA,NO APLICA,NO APLICA,NO APLICA,CAMIONETA,KIA,BUGA,PARTICULAR,NO APLICA,,
HERIDOS,09/20/2020 12:00:00 AM,2020,1899-12-31T18:30:00.000,NOCHE,7_DOMINGO,SANTAMARIA,CALLE 44 CARRERA 2,URBANA,TECNICO,3.54066,-76.27913,NO ESTAR PENDIENTE DE LA VIA,MOTOCICLISTA,CHOQUE,1,NO APLICA,PALMIRA,NO APLICA,MOTO,HONDA,GUACARI,PARTICULAR,NO APLICA,,
HERIDOS,09/20/2020 12:00:00 AM,2020,1899-12-31T18:30:00.000,NOCHE,7_DOMINGO,SANTAMARIA,CALLE 44 CARRERA 2,URBANA,TECNICO,3.54066,-76.27913,NO ESTAR PENDIENTE DE LA VIA,NO APLICA,CHOQUE,NO APLICA,NO APLICA,NO APLICA,NO APLICA,MOTO,HONDA,GUACARI,PARTICULAR,NO APLICA,,
HERIDOS,09/20/2020 12:00:00 AM,2020,1899-12-31T18:30:00.000,NOCHE,7_DOMINGO,SANTAMARIA,CALLE 44 CARRERA 2,URBANA,TECNICO,3.54066,-76.27913,NO ESTAR PENDIENTE DE LA VIA,ACOMPAÑANTE MOTOCICLISTA,CHOQUE,1,NO APLICA,PALMA,NO APLICA,NO APLICA,NO APLICA,NO APLICA,NO APLICA,NO APLICA,,
HERIDOS,09/19/2020 12:00:00 AM,2020,1899-12-31T22:20:00.000,NOCHE,6_SABADO,CENTRO,CALLE 28 CARRERA 27,URBANA,TECNICO,3.52515,-76.29834,SEMAFORO EN ROJO,NO APLICA,CHOQUE,NO APLICA,NO APLICA,NO APLICA,NO APLICA,AUTOMOVIL,CHEVROLET,CALI,PARTICULAR,NO APLICA,,
HERIDOS,09/21/2020 12:00:00 AM,2020,1899-12-31T14:40:00.000,TARDE,1_LUNES,CAMPESTRE,CALLE 40 CARRERA 1,URBANA,TECNICO,3.53583,-76.27736,NO ESTAR PENDIENTE DE LA VIA,MOTOCICLISTA,ATROPELLO,1,NO APLICA,PALMA,NO APLICA,MOTO,SUZUKI,PALMIRA,PARTICULAR,NO APLICA,,
HERIDOS,09/21/2020 12:00:00 AM,2020,1899-12-31T14:40:00.000,TARDE,1_LUNES,CAMPESTRE,CALLE 40 CARRERA 1,URBANA,TECNICO,3.53583,-76.27736,NO ESTAR PENDIENTE DE LA VIA,PEATON,ATROPELLO,1,NO APLICA,PALMA,NO APLICA,NO APLICA,NO APLICA,NO APLICA,NO APLICA,NO APLICA,,
HERIDOS,09/21/2020 12:00:00 AM,2020,1899-12-31T14:40:00.000,TARDE,1_LUNES,CAMPESTRE,CALLE 40 CARRERA 1,URBANA,TECNICO,3.53583,-76.27736,NO ESTAR PENDIENTE DE LA VIA,ACOMPAÑANTE MOTOCICLISTA,ATROPELLO,1,NO APLICA,PALMA,NO APLICA,NO APLICA,NO APLICA,NO APLICA,NO APLICA,NO APLICA,,
HERIDOS,09/19/2020 12:00:00 AM,2020,1899-12-31T22:20:00.000,NOCHE,6_SABADO,CENTRO,CALLE 28 CARRERA 27,URBANA,TECNICO,3.52515,-76.29834,SEMAFORO EN ROJO,MOTOCICLISTA,CHOQUE,1,NO APLICA,PALMIRA,NO APLICA,MOTO,HONDA,FLORIDA,PARTICULAR,NO APLICA,,
HERIDOS,09/19/2020 12:00:00 AM,2020,1899-12-31T22:20:00.000,NOCHE,6_SABADO,CENTRO,CALLE 28 CARRERA 27,URBANA,TECNICO,3.52515,-76.29834,SEMAFORO EN ROJO,ACOMPAÑANTE MOTOCICLISTA,CHOQUE,1,NO APLICA,PALMIRA,NO APLICA,NO APLICA,NO APLICA,NO APLICA,NO APLICA,NO APLICA,,
HERIDOS,09/20/2020 12:00:00 AM,2020,1899-12-31T22:20:00.000,NOCHE,7_DOMINGO,EMILIA,CARRERA 39 CALLE 36-21,URBANA,TECNICO,3.5339,-76.30909,EMBRIAGUEZ,NO APLICA,CHOQUE,NO APLICA,NO APLICA,NO APLICA,NO APLICA,AUTOMOVIL,DAEWOO,CALI,PARTICULAR,NO APLICA,,
HERIDOS,09/20/2020 12:00:00 AM,2020,1899-12-31T22:20:00.000,NOCHE,7_DOMINGO,EMILIA,CARRERA 39 CALLE 36-21,URBANA,TECNICO,3.5339,-76.30909,EMBRIAGUEZ,NO APLICA,CHOQUE,NO APLICA,NO APLICA,NO APLICA,NO APLICA,MOTO,SUZUKI,PRADERA,PARTICULAR,NO APLICA,,
HERIDOS,09/20/2020 12:00:00 AM,2020,1899-12-31T22:20:00.000,NOCHE,7_DOMINGO,EMILIA,CARRERA 39 CALLE 36-21,URBANA,TECNICO,3.5339,-76.30909,EMBRIAGUEZ,PEATON,CHOQUE,1,NO APLICA,PALMA,NO APLICA,NO APLICA,NO APLICA,NO APLICA,NO APLICA,NO APLICA,,
HERIDOS,09/20/2020 12:00:00 AM,2020,1899-12-31T22:20:00.000,NOCHE,7_DOMINGO,EMILIA,CARRERA 39 CALLE 36-21,URBANA,TECNICO,3.5339,-76.30909,EMBRIAGUEZ,PEATON,CHOQUE,1,NO APLICA,PALMA,NO APLICA,NO APLICA,NO APLICA,NO APLICA,NO APLICA,NO APLICA,,
HERIDOS,09/22/2020 12:00:00 AM,2020,1899-12-31T00:05:00.000,MADRUGADA,2_MARTES,NUEVO,CARRERA 31 CALLE 27,URBANA,TECNICO,3.52784,-76.29787,DESOBEDECER SEÑALES,CONDUCTOR,CHOQUE,1,NO APLICA,PALMIRA,NO APLICA,AUTOMOVIL,CHEVROLET,RICAURTE,PARTICULAR,NO APLICA,,
HERIDOS,09/22/2020 12:00:00 AM,2020,1899-12-31T00:05:00.000,MADRUGADA,2_MARTES,NUEVO,CARRERA 31 CALLE 27,URBANA,TECNICO,3.52784,-76.29787,DESOBEDECER SEÑALES,NO APLICA,CHOQUE,NO APLICA,NO APLICA,NO APLICA,NO APLICA,CAMION,CHEVROLET,IPIALES,PUBLICO,NO APLICA,,
HERIDOS,09/22/2020 12:00:00 AM,2020,1899-12-31T00:05:00.000,MADRUGADA,2_MARTES,NUEVO,CARRERA 31 CALLE 27,URBANA,TECNICO,3.52784,-76.29787,DESOBEDECER SEÑALES,ACOMPAÑANTE CONDUCTOR,CHOQUE,1,NO APLICA,PALMIRA,NO APLICA,NO APLICA,NO APLICA,NO APLICA,NO APLICA,NO APLICA,,
HERIDOS,09/22/2020 12:00:00 AM,2020,1899-12-31T00:05:00.000,MADRUGADA,2_MARTES,NUEVO,CARRERA 31 CALLE 27,URBANA,TECNICO,3.52784,-76.29787,DESOBEDECER SEÑALES,ACOMPAÑANTE CONDUCTOR,CHOQUE,1,NO APLICA,PALMIRA,NO APLICA,NO APLICA,NO APLICA,NO APLICA,NO APLICA,NO APLICA,,
HERIDOS,09/18/2020 12:00:00 AM,2020,1899-12-31T20:10:00.000,NOCHE,5_VIERNES,OBRERO,CARRERA 25 CALLE 39,URBANA,TECNICO,3.53521,-76.2949,DESOBEDECER SEÑALES,MOTOCICLISTA,CHOQUE,1,NO APLICA,PALMA,NO APLICA,MOTO,HONDA,ZARZAL,PARTICULAR,NO APLICA,,
HERIDOS,09/18/2020 12:00:00 AM,2020,1899-12-31T20:10:00.000,NOCHE,5_VIERNES,OBRERO,CARRERA 25 CALLE 39,URBANA,TECNICO,3.53521,-76.2949,DESOBEDECER SEÑALES,NO APLICA,CHOQUE,NO APLICA,NO APLICA,NO APLICA,NO APLICA,AUTOMOVIL,RENAULT,PALMIRA,PARTICULAR,NO APLICA,,
HERIDOS,09/20/2020 12:00:00 AM,2020,1899-12-31T11:20:00.000,MAÑANA,7_DOMINGO,SANCAYETANO,CALLE 39 CARRERA 21,URBANA,TECNICO,3.53483,-76.29194,DESOBEDECER SEÑALES,MOTOCICLISTA,CHOQUE,1,NO APLICA,FRACTURAS,NO APLICA,MOTO,AKT,PRADERA,PARTICULAR,NO APLICA,,
HERIDOS,09/20/2020 12:00:00 AM,2020,1899-12-31T11:20:00.000,MAÑANA,7_DOMINGO,SANCAYETANO,CALLE 39 CARRERA 21,URBANA,TECNICO,3.53483,-76.29194,DESOBEDECER SEÑALES,NO APLICA,CHOQUE,NO APLICA,NO APLICA,NO APLICA,NO APLICA,AUTOMOVIL,NISSAN,MANIZALES,PARTICULAR,NO APLICA,,
DAÑOS,09/21/2020 12:00:00 AM,2020,1899-12-31T11:15:00.000,MAÑANA,1_LUNES,CENTRO,CARRERA 24 CALLE 31-52,URBANA,TECNICO,3.52768,-76.29545,ADELANTAR EN ZONA PROHIBIDAD,NO APLICA,CHOQUE,NO APLICA,NO APLICA,NO APLICA,NO APLICA,CAMIONETA,CHEVROLET,CALI,PARTICULAR,NO APLICA,,
DAÑOS,09/21/2020 12:00:00 AM,2020,1899-12-31T11:15:00.000,MAÑANA,1_LUNES,CENTRO,CARRERA 24 CALLE 31-52,URBANA,TECNICO,3.52768,-76.29545,ADELANTAR EN ZONA PROHIBIDAD,NO APLICA,CHOQUE,NO APLICA,NO APLICA,NO APLICA,NO APLICA,CAMIONETA,JAC,GUACARI,PUBLICO,NO APLICA,,
DAÑOS,09/22/2020 12:00:00 AM,2020,1899-12-31T14:35:00.000,TARDE,2_MARTES,CENTRO,CALLE 31 CARRERA 33A,URBANA,TECNICO,3.52876,-76.3043,NO ESTAR PENDIENTE DE LA VIA,NO APLICA,CHOQUE,NO APLICA,NO APLICA,NO APLICA,NO APLICA,MOTO,YAMAHA,PALMIRA,PARTICULAR,NO APLICA,,
DAÑOS,09/22/2020 12:00:00 AM,2020,1899-12-31T14:35:00.000,TARDE,2_MARTES,CENTRO,CALLE 31 CARRERA 33A,URBANA,TECNICO,3.52876,-76.3043,NO ESTAR PENDIENTE DE LA VIA,NO APLICA,CHOQUE,NO APLICA,NO APLICA,NO APLICA,NO APLICA,AUTOMOVIL,HYUNDAI,PALMIRA,PUBLICO,NO APLICA,,
HERIDOS,09/22/2020 12:00:00 AM,2020,1899-12-31T14:50:00.000,TARDE,2_MARTES,SAN PEDRO,CALLE 34A CARRERA 17,URBANA,TECNICO,3.53004,-76.28865,DESOBEDECER SEÑALES,NO APLICA,CHOQUE,NO APLICA,NO APLICA,NO APLICA,NO APLICA,CAMIONETA,JAC,PALMIRA,PARTICULAR,NO APLICA,,
HERIDOS,09/22/2020 12:00:00 AM,2020,1899-12-31T14:50:00.000,TARDE,2_MARTES,SAN PEDRO,CALLE 34A CARRERA 17,URBANA,TECNICO,3.53004,-76.28865,DESOBEDECER SEÑALES,MOTOCICLISTA,CHOQUE,1,NO APLICA,PALMIRA,NO APLICA,MOTO,JIANLIGN,GUACARI,PARTICULAR,NO APLICA,,
HERIDOS,09/22/2020 12:00:00 AM,2020,1899-12-31T16:30:00.000,TARDE,2_MARTES,TULIPANES,TRASVERSAL 8 DIAGONAL 29,URBANA,TECNICO,3.508e-05,-76.30254,NO ESTAR PENDIENTE DE LA VIA,MOTOCICLISTA,CHOQUE,1,NO APLICA,PALMA,NO APLICA,MOTO,YAMAHA,PALMIRA,PARTICULAR,NO APLICA,,
HERIDOS,09/22/2020 12:00:00 AM,2020,1899-12-31T16:30:00.000,TARDE,2_MARTES,TULIPANES,TRASVERSAL 8 DIAGONAL 29,URBANA,TECNICO,3.508e-05,-76.30254,NO ESTAR PENDIENTE DE LA VIA,MOTOCICLISTA,CHOQUE,1,NO APLICA,PALMA,NO APLICA,MOTO,BAJAJ,FLORIDA,PARTICULAR,NO APLICA,,
HERIDOS,09/22/2020 12:00:00 AM,2020,1899-12-31T16:30:00.000,TARDE,2_MARTES,TULIPANES,TRASVERSAL 8 DIAGONAL 29,URBANA,TECNICO,3.508e-05,-76.30254,NO ESTAR PENDIENTE DE LA VIA,ACOMPAÑANTE MOTOCICLISTA,CHOQUE,1,NO APLICA,PALMA,NO APLICA,NO APLICA,NO APLICA,NO APLICA,NO APLICA,NO APLICA,,
HERIDOS,09/22/2020 12:00:00 AM,2020,1899-12-31T17:30:00.000,TARDE,2_MARTES,DELICIAS,CALLE 27 CARRERA 23,URBANA,TECNICO,3.52387,-76.29507,NO ESTAR PENDIENTE DE LA VIA,MOTOCICLISTA,CHOQUE,1,NO APLICA,PALMA,NO APLICA,MOTO,YAMAHA,FLORIDA,PARTICULAR,NO APLICA,,
HERIDOS,09/22/2020 12:00:00 AM,2020,1899-12-31T17:30:00.000,TARDE,2_MARTES,DELICIAS,CALLE 27 CARRERA 23,URBANA,TECNICO,3.52387,-76.29507,NO ESTAR PENDIENTE DE LA VIA,MOTOCICLISTA,CHOQUE,1,NO APLICA,PALMA,NO APLICA,MOTO,AKT,PALMIRA,PARTICULAR,NO APLICA,,
DAÑOS,09/22/2020 12:00:00 AM,2020,1899-12-31T06:10:00.000,MAÑANA,2_MARTES,INDUSTRIAL,CARRERA 35 CALLE 42,URBANA,TECNICO,3.53896,-76.30654,PONER EN MARCHA VEHICULO SIN PRECAUCION,NO APLICA,CHOQUE,NO APLICA,NO APLICA,NO APLICA,NO APLICA,AUTOMOVIL,CHEVROLET,PEREIRA,PARTICULAR,NO APLICA,,
DAÑOS,09/22/2020 12:00:00 AM,2020,1899-12-31T06:10:00.000,MAÑANA,2_MARTES,INDUSTRIAL,CARRERA 35 CALLE 42,URBANA,TECNICO,3.53896,-76.30654,PONER EN MARCHA VEHICULO SIN PRECAUCION,NO APLICA,CHOQUE,NO APLICA,NO APLICA,NO APLICA,NO APLICA,CAMION,KIA,GUACARI,PUBLICO,NO APLICA,,
HERIDOS,09/23/2020 12:00:00 AM,2020,1899-12-31T15:00:00.000,TARDE,3_MIERCOLES,CENTRO,CARRERA 31 CALLE 29,URBANA,TECNICO,3.52811,-76.29965,SEMAFORO EN ROJO,MOTOCICLISTA,CHOQUE,1,NO APLICA,PALMA,NO APLICA,MOTO,SUZUKI,EL CERRITO,PARTICULAR,NO APLICA,,
HERIDOS,09/23/2020 12:00:00 AM,2020,1899-12-31T15:00:00.000,TARDE,3_MIERCOLES,CENTRO,CARRERA 31 CALLE 29,URBANA,TECNICO,3.52811,-76.29965,SEMAFORO EN ROJO,NO APLICA,CHOQUE,NO APLICA,NO APLICA,NO APLICA,NO APLICA,AUTOMOVIL,RENAULT,YUMBO,PARTICULAR,NO APLICA,,
HERIDOS,09/23/2020 12:00:00 AM,2020,1899-12-31T15:00:00.000,TARDE,3_MIERCOLES,CENTRO,CARRERA 31 CALLE 29,URBANA,TECNICO,3.52811,-76.29965,SEMAFORO EN ROJO,ACOMPAÑANTE MOTOCICLISTA,CHOQUE,1,NO APLICA,PALMA,NO APLICA,NO APLICA,NO APLICA,NO APLICA,NO APLICA,NO APLICA,,
DAÑOS,09/23/2020 12:00:00 AM,2020,1899-12-31T15:30:00.000,TARDE,3_MIERCOLES,BIZERTA,CALLE 37 CARRERA 22,URBANA,TECNICO,3.53299,-0.0007629300000000001,DESOBEDECER SEÑALES,NO APLICA,CHOQUE,NO APLICA,NO APLICA,NO APLICA,NO APLICA,AUTOMOVIL,KIA,PALMIRA,PUBLICO,NO APLICA,,
DAÑOS,09/23/2020 12:00:00 AM,2020,1899-12-31T15:30:00.000,TARDE,3_MIERCOLES,BIZERTA,CALLE 37 CARRERA 22,URBANA,TECNICO,3.53299,-0.0007629300000000001,DESOBEDECER SEÑALES,NO APLICA,CHOQUE,NO APLICA,NO APLICA,NO APLICA,NO APLICA,AUTOMOVIL,RENAULT,PALMIRA,PARTICULAR,NO APLICA,,
HERIDOS,09/21/2020 12:00:00 AM,2020,1899-12-31T00:10:00.000,MADRUGADA,1_LUNES,BUENOS AIRES,CALLE 35 CARRERA 5EB,URBANA,TECNICO,3.53148,-76.27415,DESOBEDECER SEÑALES,MOTOCICLISTA,CHOQUE,1,NO APLICA,RAUL,NO APLICA,MOTO,SUZUKI,TULUA,PARTICULAR,NO APLICA,,
HERIDOS,09/23/2020 12:00:00 AM,2020,1899-12-31T18:50:00.000,NOCHE,3_MIERCOLES,RIVERA ESCOBAR,CALLE 31 CARRERA 35,URBANA,TECNICO,3.52898,-76.30576,SEMAFORO EN ROJO,NO APLICA,CHOQUE,NO APLICA,NO APLICA,NO APLICA,NO APLICA,MOTO,YAMAHA,GUACARI,PARTICULAR,NO APLICA,,
HERIDOS,09/23/2020 12:00:00 AM,2020,1899-12-31T18:50:00.000,NOCHE,3_MIERCOLES,RIVERA ESCOBAR,CALLE 31 CARRERA 35,URBANA,TECNICO,3.52898,-76.30576,SEMAFORO EN ROJO,CICLISTA,CHOQUE,1,NO APLICA,PALMIRA,NO APLICA,BICICLETA,NO APLICA,NO APLICA,PARTICULAR,NO APLICA,,