GRAVEDAD,FECHA,AÑO,HORA,JORNADA,DIA_SEMANA,BARRIOS_CORREGIMIENTO_VIA,DIRECCION,ZONA,AUTORIDAD,LAT,LONG,HIPOTESIS,CONDICION_DE_LA_VICTIMA,CLASE_DE_SINIESTRO,LESIONADO,HOMICIDIOS,CLINICA,SITIO,CLASE_DE_VEHICULO,MARCA,MATRICULA,TIPO_DE_SERVICIO,EMPRESA, , .1
HERIDOS,09/24/2020 12:00:00 AM,2020,1899-12-31T14:45:00.000,TARDE,4_JUEVES,OBRERO,CALE 37CARRERA 26,URBANA,TECNICO,3.53333,-76.29616,DESOBEDECER SEÑALES,MOTOCICLISTA,CHOQUE,1,NO APLICA,PALMA,NO APLICA,MOTO,HONDA,FLORIDA,PARTICULAR,NO APLICA,,
HERIDOS,09/24/2020 12:00:00 AM,2020,1899-12-31T14:45:00.000,TARDE,4_JUEVES,OBRERO,CALE 37CARRERA 26,URBANA,TECNICO,3.53333,-76.29616,DESOBEDECER SEÑALES,MOTOCICLISTA,CHOQUE,1,NO APLICA,RAUL,NO APLICA,MOTO,HONDA,FLORIDA,PARTICULAR,NO APLICA,,
MUERTO,09/25/2020 12:00:00 AM,2020,1899-12-31T21:50:00.000,NOCHE,5_VIERNES,CENTRO POBLADO GUANABANAL,CARRERA 10 N 2-26,RURAL,TECNICO,3.48507,-76.4225,POR ESTABLECER,MOTOCICLISTA,CHOQUE,NO APLICA,1,NO APLICA,NO APLICA,MOTO,HONDA,BUGA,PARTICULAR,NO APLICA,,
HERIDOS,09/24/2020 12:00:00 AM,2020,1899-12-31T19:15:00.000,NOCHE,4_JUEVES,TRINIDAD,CALLE 28 CARRERA 23,URBANA,TECNICO,3.52473,-0.00076295,DESOBEDECER SEÑALES,MOTOCICLISTA,CHOQUE,1,NO APLICA,PALMA,NO APLICA,MOTO,KIMCO,PALMIRA,PARTICULAR,NO APLICA,,
HERIDOS,09/24/2020 12:00:00 AM,2020,1899-12-31T19:15:00.000,NOCHE,4_JUEVES,TRINIDAD,CALLE 28 CARRERA 23,URBANA,TECNICO,3.52473,-0.00076295,DESOBEDECER SEÑALES,NO APLICA,CHOQUE,NO APLICA,NO APLICA,NO APLICA,NO APLICA,AUTOMOVIL,RENAULT,PALMIRA,PARTICULAR,NO APLICA,,
HERIDOS,09/24/2020 12:00:00 AM,2020,1899-12-31T15:00:00.000,TARDE,4_JUEVES,SEMBRADOR,CARRERA 19 CALLE 21,URBANA,TECNICO,3.51881,-76.29094,CRUZAR SIN OBSERVAR,NO APLICA,ATROPELLO,NO APLICA,NO APLICA,NO APLICA,NO APLICA,MOTO,YAMAHA,BOGOTA,PARTICULAR,NO APLICA,,
HERIDOS,09/24/2020 12:00:00 AM,2020,1899-12-31T15:00:00.000,TARDE,4_JUEVES,SEMBRADOR,CARRERA 19 CALLE 21,URBANA,TECNICO,3.51881,-76.29094,CRUZAR SIN OBSERVAR,PEATON,ATROPELLO,1,NO APLICA,RAUL,NO APLICA,NO APLICA,NO APLICA,NO APLICA,NO APLICA,NO APLICA,,
HERIDOS,09/25/2020 12:00:00 AM,2020,1899-12-31T15:00:00.000,TARDE,5_VIERNES,INDUSTRIAL,CALLE 42 CARRERA 35 NORTE,URBANA,TECNICO,3.53899,-76.30662,LLEVAR ELEMENTO QUE INCOMEDEN LA VISIBILIDAD,NO APLICA,CHOQUE,NO APLICA,NO APLICA,NO APLICA,NO APLICA,AUTOMOVIL,KIA,PALMIRA,PARTICULAR,NO APLICA,,
HERIDOS,09/25/2020 12:00:00 AM,2020,1899-12-31T15:00:00.000,TARDE,5_VIERNES,INDUSTRIAL,CALLE 42 CARRERA 35 NORTE,URBANA,TECNICO,3.53899,-76.30662,LLEVAR ELEMENTO QUE INCOMEDEN LA VISIBILIDAD,MOTOCICLISTA,CHOQUE,1,NO APLICA,FRACTURAS,NO APLICA,MOTO,HONDA,ROLDANILLO,PARTICULAR,NO APLICA,,
HERIDOS,09/25/2020 12:00:00 AM,2020,1899-12-31T14:45:00.000,TARDE,5_VIERNES,ALAMEDA,CALLE 70 CARRERA 26,URBANA,TECNICO,3.55663,-76.28854,DESOBEDECER SEÑALES,MOTOCICLISTA,CHOQUE,1,NO APLICA,PALMA,NO APLICA,MOTO,SUZUKI,PALMIRA,PARTICULAR,NO APLICA,,
HERIDOS,09/25/2020 12:00:00 AM,2020,1899-12-31T14:45:00.000,TARDE,5_VIERNES,ALAMEDA,CALLE 70 CARRERA 26,URBANA,TECNICO,3.55663,-76.28854,DESOBEDECER SEÑALES,MOTOCICLISTA,CHOQUE,1,NO APLICA,PALMA,NO APLICA,MOTO,AKT,GUACARI,PARTICULAR,NO APLICA,,
DAÑOS,09/25/2020 12:00:00 AM,2020,1899-12-31T16:20:00.000,TARDE,5_VIERNES,SAMANES,CALLE 47 CARRERA 28,URBANA,TECNICO,3.54223,-76.2966,TRANSITAR ENTRE VEHICULOS,NO APLICA,CHOQUE,NO APLICA,NO APLICA,NO APLICA,NO APLICA,CAMIONETA,NISSAN,PALMIRA,PARTICULAR,NO APLICA,,
DAÑOS,09/25/2020 12:00:00 AM,2020,1899-12-31T16:20:00.000,TARDE,5_VIERNES,SAMANES,CALLE 47 CARRERA 28,URBANA,TECNICO,3.54223,-76.2966,TRANSITAR ENTRE VEHICULOS,NO APLICA,CHOQUE,NO APLICA,NO APLICA,NO APLICA,NO APLICA,MOTO,HONDA,CALI,PARTICULAR,NO APLICA,,
DAÑOS,09/25/2020 12:00:00 AM,2020,1899-12-31T16:20:00.000,TARDE,5_VIERNES,SAMANES,CALLE 47 CARRERA 28,URBANA,TECNICO,3.54223,-76.2966,TRANSITAR ENTRE VEHICULOS,NO APLICA,CHOQUE,NO APLICA,NO APLICA,NO APLICA,NO APLICA,AUTOMOVIL,KIA,FUNZA,PARTICULAR,NO APLICA,,
DAÑOS,09/26/2020 12:00:00 AM,2020,1899-12-31T11:00:00.000,MAÑANA,6_SABADO,BERLIN,CALLE 43A CARRERA 29,URBANA,TECNICO,3.53902,-76.29784,PONER EN MARCHA VEHICULO SIN PRECAUCION,NO APLICA,CHOQUE,NO APLICA,NO APLICA,NO APLICA,NO APLICA,AUTOMOVIL,CHEVROLET,BOGOTA,PARTICULAR,NO APLICA,,
DAÑOS,09/26/2020 12:00:00 AM,2020,1899-12-31T11:00:00.000,MAÑANA,6_SABADO,BERLIN,CALLE 43A CARRERA 29,URBANA,TECNICO,3.53902,-76.29784,PONER EN MARCHA VEHICULO SIN PRECAUCION,NO APLICA,CHOQUE,NO APLICA,NO APLICA,NO APLICA,NO APLICA,CAMIONETA,CHEVROLET,CALI,PARTICULAR,NO APLICA,,
DAÑOS,09/26/2020 12:00:00 AM,2020,1899-12-31T06:10:00.000,MAÑANA,6_SABADO,OLIMPICO,CALLE23 CARRERA 36A,URBANA,TECNICO,3.52169,-76.30859,NO RESPETAR PRELACION,NO APLICA,CHOQUE,NO APLICA,NO APLICA,NO APLICA,NO APLICA,CAMION,INTERNATIONAL,GUACARI,PUBLICO,NO APLICA,,
DAÑOS,09/26/2020 12:00:00 AM,2020,1899-12-31T06:10:00.000,MAÑANA,6_SABADO,OLIMPICO,CALLE23 CARRERA 36A,URBANA,TECNICO,3.52169,-76.30859,NO RESPETAR PRELACION,NO APLICA,CHOQUE,NO APLICA,NO APLICA,NO APLICA,NO APLICA,AUTOMOVIL,CHEVROLET,CALI,PARTICULAR,NO APLICA,,
DAÑOS,09/26/2020 12:00:00 AM,2020,1899-12-31T17:50:00.000,TARDE,6_SABADO,URIBE,CARRERA23 CALLE 34,URBANA,TECNICO,3.53056,-76.29412,DESOBEDECER SEÑALES,NO APLICA,CHOQUE,NO APLICA,NO APLICA,NO APLICA,NO APLICA,AUTOMOVIL,KIA,PALMIRA,PUBLICO,PALMERAS,,
DAÑOS,09/26/2020 12:00:00 AM,2020,1899-12-31T17:50:00.000,TARDE,6_SABADO,URIBE,CARRERA23 CALLE 34,URBANA,TECNICO,3.53056,-76.29412,DESOBEDECER SEÑALES,NO APLICA,CHOQUE,NO APLICA,NO APLICA,NO APLICA,NO APLICA,CAMIONETA,NISSAN,CALI,PARTICULAR,NO APLICA,,
DAÑOS,09/25/2020 12:00:00 AM,2020,1899-12-31T06:00:00.000,MAÑANA,5_VIERNES,INDUSTRIAL,CALLE 42 CARRERA 35 NORTE,URBANA,TECNICO,3.539e-05,-76.30667,GIRAR BRUSCAMENTE,NO APLICA,CHOQUE,NO APLICA,NO APLICA,NO APLICA,NO APLICA,CAMIONETA,HYUNDAI,PALMIRA,PARTICULAR,NO APLICA,,
DAÑOS,09/25/2020 12:00:00 AM,2020,1899-12-31T06:00:00.000,MAÑANA,5_VIERNES,INDUSTRIAL,CALLE 42 CARRERA 35 NORTE,URBANA,TECNICO,3.539e-05,-76.30667,GIRAR BRUSCAMENTE,NO APLICA,CHOQUE,NO APLICA,NO APLICA,NO APLICA,NO APLICA,CAMPERO,KIA,EL CERRITO,PARTICULAR,NO APLICA,,
DAÑOS,09/25/2020 12:00:00 AM,2020,1899-12-31T09:30:00.000,MAÑANA,5_VIERNES,CENTRO,CALLE 31 CARRERA 29-14,URBANA,TECNICO,3.52809,-76.30004,NO ESTAR PENDIENTE DE LA VIA,NO APLICA,CHOQUE,NO APLICA,NO APLICA,NO APLICA,NO APLICA,CAMIONETA,MAZDA,EL CERRITO,PARTICULAR,NO APLICA,,
DAÑOS,09/25/2020 12:00:00 AM,2020,1899-12-31T09:30:00.000,MAÑANA,5_VIERNES,CENTRO,CALLE 31 CARRERA 29-14,URBANA,TECNICO,3.52809,-76.30004,NO ESTAR PENDIENTE DE LA VIA,NO APLICA,CHOQUE,NO APLICA,NO APLICA,NO APLICA,NO APLICA,MOTO,HONDA,PRADERA,PARTICULAR,NO APLICA,,
HERIDOS,09/25/2020 12:00:00 AM,2020,1899-12-31T11:30:00.000,MAÑANA,5_VIERNES,SANTA RITA,CALLE 33 CARRERA 26,URBANA,TECNICO,3.53008,-76.29667,DESOBEDECER SEÑALES,MOTOCICLISTA,CHOQUE,1,NO APLICA,PALMIRA,NO APLICA,MOTO,KIMCO,PALMIRA,PARTICULAR,NO APLICA,,
HERIDOS,09/25/2020 12:00:00 AM,2020,1899-12-31T11:30:00.000,MAÑANA,5_VIERNES,SANTA RITA,CALLE 33 CARRERA 26,URBANA,TECNICO,3.53008,-76.29667,DESOBEDECER SEÑALES,MOTOCICLISTA,CHOQUE,1,NO APLICA,PALMIRA,NO APLICA,MOTO,KIMCO,PALMIRA,PARTICULAR,NO APLICA,,
HERIDOS,09/25/2020 12:00:00 AM,2020,1899-12-31T11:30:00.000,MAÑANA,5_VIERNES,SANTA RITA,CALLE 33 CARRERA 26,URBANA,TECNICO,3.53008,-76.29667,DESOBEDECER SEÑALES,ACOMPAÑANTE MOTOCICLISTA,CHOQUE,1,NO APLICA,PALMIRA,NO APLICA,NO APLICA,NO APLICA,NO APLICA,NO APLICA,NO APLICA,,
HERIDOS,09/27/2020 12:00:00 AM,2020,1899-12-31T16:50:00.000,TARDE,7_DOMINGO,VIA TIENDA NUEVA POTRERILLO,KM 1,RURAL,TECNICO,3.54365,-76.27109,NO MANTENER DISTANCIA DE SEGURIDAD,NO APLICA,CHOQUE,NO APLICA,NO APLICA,NO APLICA,NO APLICA,AUTOMOVIL,KIA,CALI,PARTICULAR,NO APLICA,,
HERIDOS,09/27/2020 12:00:00 AM,2020,1899-12-31T16:50:00.000,TARDE,7_DOMINGO,VIA TIENDA NUEVA POTRERILLO,KM 1,RURAL,TECNICO,3.54365,-76.27109,NO MANTENER DISTANCIA DE SEGURIDAD,NO APLICA,CHOQUE,NO APLICA,NO APLICA,NO APLICA,NO APLICA,CAMPERO,AMERICAN,ANTIOQUIA,PARTICULAR,NO APLICA,,
DAÑOS,09/27/2020 12:00:00 AM,2020,1899-12-31T16:10:00.000,TARDE,7_DOMINGO,MERCEDES,CALLE 59 CARRERA 26,URBANA,TECNICO,3.5493,-76.29063,DESOBEDECER SEÑALES,NO APLICA,CHOQUE,NO APLICA,NO APLICA,NO APLICA,NO APLICA,CAMIONETA,KIA,PALMIRA,PARTICULAR,NO APLICA,,
DAÑOS,09/27/2020 12:00:00 AM,2020,1899-12-31T16:10:00.000,TARDE,7_DOMINGO,MERCEDES,CALLE 59 CARRERA 26,URBANA,TECNICO,3.5493,-76.29063,DESOBEDECER SEÑALES,NO APLICA,CHOQUE,NO APLICA,NO APLICA,NO APLICA,NO APLICA,MOTO,HONDA,GUACARI,PARTICULAR,NO APLICA,,
DAÑOS,09/27/2020 12:00:00 AM,2020,1899-12-31T10:00:00.000,MAÑANA,7_DOMINGO,SESQUI,CALLE 11 CARRERA 28S,URBANA,TECNICO,3.5104,-76.30071,GIRAR BRUSCAMENTE,NO APLICA,CHOQUE,NO APLICA,NO APLICA,NO APLICA,NO APLICA,MOTO,HONDA,CALI,PARTICULAR,NO APLICA,,
DAÑOS,09/27/2020 12:00:00 AM,2020,1899-12-31T10:00:00.000,MAÑANA,7_DOMINGO,SESQUI,CALLE 11 CARRERA 28S,URBANA,TECNICO,3.5104,-76.30071,GIRAR BRUSCAMENTE,NO APLICA,CHOQUE,NO APLICA,NO APLICA,NO APLICA,NO APLICA,AUTOMOVIL,CHEVROLET,PALMIRA,PARTICULAR,NO APLICA,,
HERIDOS,09/28/2020 12:00:00 AM,2020,1899-12-31T05:40:00.000,MADRUGADA,1_LUNES,CAMPESTRE,CALLE 42 CARRERA 1,URBANA,TECNICO,3.53651,-76.2776,PERDIDA DEL CONTROL,MOTOCICLISTA,VOLCAMIENTO,1,NO APLICA,PALMA,NO APLICA,MOTO,YAMAHA,PRADERA,PARTICULAR,NO APLICA,,
HERIDOS,09/28/2020 12:00:00 AM,2020,1899-12-31T05:40:00.000,MADRUGADA,1_LUNES,CAMPESTRE,CALLE 42 CARRERA 1,URBANA,TECNICO,3.53651,-76.2776,PERDIDA DEL CONTROL,ACOMPAÑANTE MOTOCICLISTA,VOLCAMIENTO,1,NO APLICA,PALMA,NO APLICA,NO APLICA,NO APLICA,NO APLICA,NO APLICA,NO APLICA,,
DAÑOS,09/28/2020 12:00:00 AM,2020,1899-12-31T08:15:00.000,MAÑANA,1_LUNES,SESQUI,CARRERA 32 CALLE 10,URBANA,TECNICO,3.50956,-76.30772,ARRANCAR SIN PRECAUCION,NO APLICA,CHOQUE,NO APLICA,NO APLICA,NO APLICA,NO APLICA,AUTOMOVIL,RENAULT,PALMIRA,PARTICULAR,NO APLICA,,
DAÑOS,09/28/2020 12:00:00 AM,2020,1899-12-31T08:15:00.000,MAÑANA,1_LUNES,SESQUI,CARRERA 32 CALLE 10,URBANA,TECNICO,3.50956,-76.30772,ARRANCAR SIN PRECAUCION,NO APLICA,CHOQUE,NO APLICA,NO APLICA,NO APLICA,NO APLICA,AUTOMOVIL,MAZDA,PEREIRA,PARTICULAR,NO APLICA,,
DAÑOS,09/28/2020 12:00:00 AM,2020,1899-12-31T18:40:00.000,NOCHE,1_LUNES,URIBE,CARRERA 22 CALLE 34-52,URBANA,TECNICO,3.531e-05,-76.29331,NO ESTAR PENDIENTE DE LA VIA,NO APLICA,CHOQUE,NO APLICA,NO APLICA,NO APLICA,NO APLICA,AUTOMOVIL,RENAULT,CALI,PARTICULAR,NO APLICA,,
DAÑOS,09/28/2020 12:00:00 AM,2020,1899-12-31T18:40:00.000,NOCHE,1_LUNES,URIBE,CARRERA 22 CALLE 34-52,URBANA,TECNICO,3.531e-05,-76.29331,NO ESTAR PENDIENTE DE LA VIA,NO APLICA,CHOQUE,NO APLICA,NO APLICA,NO APLICA,NO APLICA,MOTO,HONDA,PALMIRA,PARTICULAR,NO APLICA,,
DAÑOS,09/28/2020 12:00:00 AM,2020,1899-12-31T13:30:00.000,TARDE,1_LUNES,COLOMBIA,CARRERA 32 CALLE 33,URBANA,TECNICO,3.5309,-76.30203,NO ESTAR PENDIENTE DE LA VIA,NO APLICA,CHOQUE,NO APLICA,NO APLICA,NO APLICA,NO APLICA,AUTOMOVIL,HYUNDAI,PALMIRA,PUBLICO,NO APLICA,,
DAÑOS,09/28/2020 12:00:00 AM,2020,1899-12-31T13:30:00.000,TARDE,1_LUNES,COLOMBIA,CARRERA 32 CALLE 33,URBANA,TECNICO,3.5309,-76.30203,NO ESTAR PENDIENTE DE LA VIA,NO APLICA,CHOQUE,NO APLICA,NO APLICA,NO APLICA,NO APLICA,MOTO,YAMAHA,BUENAVENTURA,PARTICULAR,NO APLICA,,
HERIDOS,09/30/2020 12:00:00 AM,2020,1899-12-31T13:00:00.000,TARDE,3_MIERCOLES,COLOMBIA,CALLE 35 CARRERA 32,URBANA,TECNICO,3.53249,-76.3017,DESOBEDECER SEÑALES,MOTOCICLISTA,CHOQUE,1,NO APLICA,PALMIRA,NO APLICA,MOTO,JIANLIGN,GUACARI,PARTICULAR,NO APLICA,,
HERIDOS,09/30/2020 12:00:00 AM,2020,1899-12-31T13:00:00.000,TARDE,3_MIERCOLES,COLOMBIA,CALLE 35 CARRERA 32,URBANA,TECNICO,3.53249,-76.3017,DESOBEDECER SEÑALES,NO APLICA,CHOQUE,NO APLICA,NO APLICA,NO APLICA,NO APLICA,AUTOMOVIL,RENAULT,CALI,PARTICULAR,NO APLICA,,
HERIDOS,09/29/2020 12:00:00 AM,2020,1899-12-31T19:10:00.000,NOCHE,2_MARTES,CENTRO,CALLE 28 CARRERA 33,URBANA,TECNICO,3.52594,-76.30346,DESOBEDECER SEÑALES,MOTOCICLISTA,CHOQUE,1,NO APLICA,PALMIRA,NO APLICA,MOTO,HONDA,GUACARI,PARTICULAR,NO APLICA,,
HERIDOS,09/29/2020 12:00:00 AM,2020,1899-12-31T19:10:00.000,NOCHE,2_MARTES,CENTRO,CALLE 28 CARRERA 33,URBANA,TECNICO,3.52594,-76.30346,DESOBEDECER SEÑALES,NO APLICA,CHOQUE,NO APLICA,NO APLICA,NO APLICA,NO APLICA,MOTO,BAJAJ,FLORIDA,PARTICULAR,NO APLICA,,
HERIDOS,09/29/2020 12:00:00 AM,2020,1899-12-31T19:10:00.000,NOCHE,2_MARTES,CENTRO,CALLE 28 CARRERA 33,URBANA,TECNICO,3.52594,-76.30346,DESOBEDECER SEÑALES,ACOMPAÑANTE MOTOCICLISTA,CHOQUE,1,NO APLICA,PALMIRA,NO APLICA,NO APLICA,NO APLICA,NO APLICA,NO APLICA,NO APLICA,,
HERIDOS,09/29/2020 12:00:00 AM,2020,1899-12-31T20:50:00.000,NOCHE,2_MARTES,SANCAYETANO,CARRERA 23 CALLE 39,URBANA,TECNICO,3.52552,-76.29489,DESOBEDECER SEÑALES,MOTOCICLISTA,CHOQUE,1,NO APLICA,PALMA,NO APLICA,MOTO,SUZUKI,FLORIDA,PARTICULAR,NO APLICA,,
HERIDOS,09/29/2020 12:00:00 AM,2020,1899-12-31T20:50:00.000,NOCHE,2_MARTES,SANCAYETANO,CARRERA 23 CALLE 39,URBANA,TECNICO,3.52552,-76.29489,DESOBEDECER SEÑALES,CONDUCTOR,CHOQUE,1,NO APLICA,PALMA,NO APLICA,AUTOMOVIL,RENAULT,CALI,PARTICULAR,NO APLICA,,
HERIDOS,09/28/2020 12:00:00 AM,2020,1899-12-31T03:45:00.000,MADRUGADA,1_LUNES,MIRRIÑAO,CARRERA 28 CALLE 52-53,URBANA,TECNICO,3.54569,-76.29611,EMBRIAGUEZ,MOTOCICLISTA,VOLCAMIENTO,1,NO APLICA,RAUL,NO APLICA,MOTO,HONDA,MONTERIA,PARTICULAR,NO APLICA,,
DAÑOS,09/30/2020 12:00:00 AM,2020,1899-12-31T14:00:00.000,TARDE,3_MIERCOLES,RIVERA ESCOBAR,CALLE 31 CARRERA 34-18,URBANA,TECNICO,3.52877,-76.30447,NO ESTAR PENDIENTE DE LA VIA,NO APLICA,CHOQUE,NO APLICA,NO APLICA,NO APLICA,NO APLICA,CAMIONETA,NISSAN,BOGOTA,PARTICULAR,NO APLICA,,
DAÑOS,09/30/2020 12:00:00 AM,2020,1899-12-31T14:00:00.000,TARDE,3_MIERCOLES,RIVERA ESCOBAR,CALLE 31 CARRERA 34-18,URBANA,TECNICO,3.52877,-76.30447,NO ESTAR PENDIENTE DE LA VIA,NO APLICA,CHOQUE,NO APLICA,NO APLICA,NO APLICA,NO APLICA,AUTOMOVIL,SUZUKI,BUGA,PARTICULAR,NO APLICA,,
DAÑOS,09/30/2020 12:00:00 AM,2020,1899-12-31T14:00:00.000,TARDE,3_MIERCOLES,RIVERA ESCOBAR,CALLE 31 CARRERA 34-18,URBANA,TECNICO,3.52877,-76.30447,NO ESTAR PENDIENTE DE LA VIA,NO APLICA,CHOQUE,NO APLICA,NO APLICA,NO APLICA,NO APLICA,AUTOMOVIL,CHEVROLET,CALI,PARTICULAR,NO APLICA,,
DAÑOS,09/30/2020 12:00:00 AM,2020,1899-12-31T12:30:00.000,TARDE,3_MIERCOLES,MUINICIPAL,CALLE 32A CARRERA 1-05,URBANA,TECNICO,3.52782,-76.27741,ADELANTAR INVADIENDO CARRIL,NO APLICA,CHOQUE,NO APLICA,NO APLICA,NO APLICA,NO APLICA,MOTO,YAMAHA,GIUACARI,PARTICULAR,NO APLICA,,
DAÑOS,09/30/2020 12:00:00 AM,2020,1899-12-31T12:30:00.000,TARDE,3_MIERCOLES,MUINICIPAL,CALLE 32A CARRERA 1-05,URBANA,TECNICO,3.52782,-76.27741,ADELANTAR INVADIENDO CARRIL,NO APLICA,CHOQUE,NO APLICA,NO APLICA,NO APLICA,NO APLICA,MOTO,YAMAHA,PRADERA,PARTICULAR,NO APLICA,,
DAÑOS,10/01/2020 12:00:00 AM,2020,1899-12-31T15:00:00.000,TARDE,4_JUEVES,CENTRO,CARRERA 33A CALLE 29-30,URBANA,TECNICO,3.52697,-76.3044,NO ESTAR PENDIENTE DE LA VIA,NO APLICA,CHOQUE,NO APLICA,NO APLICA,NO APLICA,NO APLICA,AUTOMOVIL,HYUNDAI,PALMIRA,PUBLICO,FLOTA PALMIRA,,
DAÑOS,10/01/2020 12:00:00 AM,2020,1899-12-31T15:00:00.000,TARDE,4_JUEVES,CENTRO,CARRERA 33A CALLE 29-30,URBANA,TECNICO,3.52697,-76.3044,NO ESTAR PENDIENTE DE LA VIA,NO APLICA,CHOQUE,NO APLICA,NO APLICA,NO APLICA,NO APLICA,MOTO,HONDA,FLORIDA,PARTICULAR,NO APLICA,,
HERIDOS,10/01/2020 12:00:00 AM,2020,1899-12-31T17:30:00.000,TARDE,4_JUEVES,PRADO,CALLE 42 CARRERA 44-41 NORTE,URBANA,TECNICO,3.53888,-76.31401,CRUZAR SIN OBSERVAR,NO APLICA,ATROPELLO,NO APLICA,NO APLICA,NO APLICA,NO APLICA,AUTOMOVIL,CHEVROLET,EL CERRITO,PARTICULAR,NO APLICA,,
HERIDOS,10/01/2020 12:00:00 AM,2020,1899-12-31T17:30:00.000,TARDE,4_JUEVES,PRADO,CALLE 42 CARRERA 44-41 NORTE,URBANA,TECNICO,3.53888,-76.31401,CRUZAR SIN OBSERVAR,PEATON,ATROPELLO,1,NO APLICA,PALMA,NO APLICA,NO APLICA,NO APLICA,NO APLICA,NO APLICA,NO APLICA,,
HERIDOS,10/02/2020 12:00:00 AM,2020,1899-12-31T13:20:00.000,TARDE,5_VIERNES,COLOMBINA,CALLE 30 CARRERA 18,URBANA,TECNICO,3.52591,-76.29051,SEMAFORO EN ROJO,NO APLICA,CHOQUE,NO APLICA,NO APLICA,NO APLICA,NO APLICA,CAMION,MAZDA,ANDALUCIA,PARTICULAR,NO APLICA,,
HERIDOS,10/02/2020 12:00:00 AM,2020,1899-12-31T13:20:00.000,TARDE,5_VIERNES,COLOMBINA,CALLE 30 CARRERA 18,URBANA,TECNICO,3.52591,-76.29051,SEMAFORO EN ROJO,MOTOCICLISTA,CHOQUE,1,NO APLICA,PALMIRA,NO APLICA,MOTO,HONDA,GUACARI,PARTICULAR,NO APLICA,,
DAÑOS,10/01/2020 12:00:00 AM,2020,1899-12-31T13:00:00.000,TARDE,4_JUEVES,CENTRO,CALLE 31 CARRERA 28,URBANA,TECNICO,3.52796,-76.29881,CON CALCULAR LA ALTURA,NO APLICA,OTRO,NO APLICA,NO APLICA,NO APLICA,NO APLICA,CAMION,MERCEDES,CUNDINAMARCA,PUBLICO,NO APLICA,,
DAÑOS,10/01/2020 12:00:00 AM,2020,1899-12-31T10:40:00.000,MAÑANA,4_JUEVES,VIA PALMIRA - GUAYABAL,KM 9,RURAL,TECNICO,3.54459,-76.26698,ADELANTAR LINEA CONTINUA,NO APLICA,CHOQUE,NO APLICA,NO APLICA,NO APLICA,NO APLICA,AUTOMOVIL,RENAULT,PALMIRA,PARTICULAR,NO APLICA,,
DAÑOS,10/01/2020 12:00:00 AM,2020,1899-12-31T10:40:00.000,MAÑANA,4_JUEVES,VIA PALMIRA - GUAYABAL,KM 9,RURAL,TECNICO,3.54459,-76.26698,ADELANTAR LINEA CONTINUA,NO APLICA,CHOQUE,NO APLICA,NO APLICA,NO APLICA,NO APLICA,MOTO,SUZUKI,PALMIRA,PARTICULAR,NO APLICA,,
HERIDOS,10/02/2020 12:00:00 AM,2020,1899-12-31T08:30:00.000,MAÑANA,5_VIERNES,CENTRO,CALLE 27 CARRERA 33,URBANA,TECNICO,3.52506,-76.30357,DESOBEDECER SEÑALES,NO APLICA,CHOQUE,NO APLICA,NO APLICA,NO APLICA,NO APLICA,MOTO,SUZUKI,GUACARI,PARTICULAR,NO APLICA,,
HERIDOS,10/02/2020 12:00:00 AM,2020,1899-12-31T08:30:00.000,MAÑANA,5_VIERNES,CENTRO,CALLE 27 CARRERA 33,URBANA,TECNICO,3.52506,-76.30357,DESOBEDECER SEÑALES,MOTOCICLISTA,CHOQUE,1,NO APLICA,PALMA,NO APLICA,MOTO,BAJAJ,FLORIDA,PARTICULAR,NO APLICA,,
HERIDOS,10/03/2020 12:00:00 AM,2020,1899-12-31T07:50:00.000,MAÑANA,6_SABADO,ALTAMIRA,CALLE 47 CARRERA 27,URBANA,TECNICO,3.54209,-76.29559,SEMAFORO EN ROJO,MOTOCICLISTA,CHOQUE,1,NO APLICA,PALMA,NO APLICA,MOTO,HERO,FLORIDA,PARTICULAR,NO APLICA,,
HERIDOS,10/03/2020 12:00:00 AM,2020,1899-12-31T07:50:00.000,MAÑANA,6_SABADO,ALTAMIRA,CALLE 47 CARRERA 27,URBANA,TECNICO,3.54209,-76.29559,SEMAFORO EN ROJO,NO APLICA,CHOQUE,NO APLICA,NO APLICA,NO APLICA,NO APLICA,CAMIONETA,FORD,BUGA,PARTICULAR,NO APLICA,,
HERIDOS,10/03/2020 12:00:00 AM,2020,1899-12-31T10:10:00.000,MAÑANA,6_SABADO,RESERVAS ZAMORANO,CARRERA 34 CALLE 60 A,URBANA,TECNICO,3.55121,-76.3043,NO ESTAR PENDIENTE DE LA VIA,NO APLICA,CHOQUE,NO APLICA,NO APLICA,NO APLICA,NO APLICA,AUTOMOVIL,KIA,PALMIRA,PUBLICO,PALMERAS,,
HERIDOS,10/03/2020 12:00:00 AM,2020,1899-12-31T10:10:00.000,MAÑANA,6_SABADO,RESERVAS ZAMORANO,CARRERA 34 CALLE 60 A,URBANA,TECNICO,3.55121,-76.3043,NO ESTAR PENDIENTE DE LA VIA,NO APLICA,CHOQUE,NO APLICA,NO APLICA,NO APLICA,NO APLICA,MOTO,YAMAHA,FLORIDA,PARTICULAR,NO APLICA,,
HERIDOS,10/03/2020 12:00:00 AM,2020,1899-12-31T10:10:00.000,MAÑANA,6_SABADO,RESERVAS ZAMORANO,CARRERA 34 CALLE 60 A,URBANA,TECNICO,3.55121,-76.3043,NO ESTAR PENDIENTE DE LA VIA,ACOMPAÑANTE MOTOCICLISTA,CHOQUE,1,NO APLICA,PALMA,NO APLICA,NO APLICA,NO APLICA,NO APLICA,NO APLICA,NO APLICA,,