GRAVEDAD,FECHA,AÑO,HORA,JORNADA,DIA_SEMANA,BARRIOS_CORREGIMIENTO_VIA,DIRECCION,ZONA,AUTORIDAD,LAT,LONG,HIPOTESIS,CONDICION_DE_LA_VICTIMA,CLASE_DE_SINIESTRO,LESIONADO,HOMICIDIOS,CLINICA,SITIO,CLASE_DE_VEHICULO,MARCA,MATRICULA,TIPO_DE_SERVICIO,EMPRESA, , .1
MUERTO,10/25/2020 12:00:00 AM,2020,1899-12-31T18:00:00.000,NOCHE,7_DOMINGO,CENTRO POBLADO LA TORRE,CALLE 10 N 16-502,RURAL,TECNICO,3.61838,-76.42282,CAMBIO DE CARRIL CON O SIN INDICACION,CICLISTA,CHOQUE,NO APLICA,1,NO APLICA,NO APLICA,BICICLETA,NO APLICA,NO APLICA,PARTICULAR,NO APLICA,,
MUERTO,10/25/2020 12:00:00 AM,2020,1899-12-31T18:00:00.000,NOCHE,7_DOMINGO,CENTRO POBLADO LA TORRE,CALLE 10 N 16-502,RURAL,TECNICO,3.61838,-76.42282,CAMBIO DE CARRIL CON O SIN INDICACION,ACOMPAÑANTE MOTOCICLISTA,CHOQUE,1,NO APLICA,RAUL ROZO,NO APLICA,NO APLICA,NO APLICA,NO APLICA,NO APLICA,NO APLICA,,
MUERTO,10/25/2020 12:00:00 AM,2020,1899-12-31T05:30:00.000,MADRUGADA,7_DOMINGO,VIA CALI PALMIRA,KM 18 + 100 MTS,RURAL,TECNICO,3.52673,-76.32826,POR ESTABLECER,MOTOCICLISTA,VOLCAMIENTO,1,NO APLICA,VALLE SALUD,NO APLICA,MOTO,HONDA,FLORIDA,PARTICULAR,NO APLICA,,
MUERTO,10/25/2020 12:00:00 AM,2020,1899-12-31T05:30:00.000,MADRUGADA,7_DOMINGO,VIA CALI PALMIRA,KM 18 + 100 MTS,RURAL,TECNICO,3.52673,-76.32826,POR ESTABLECER,ACOMPAÑANTE MOTOCICLISTA,VOLCAMIENTO,1,NO APLICA,VALLE SALUD,NO APLICA,MOTO,HONDA,FLORIDA,PARTICULAR,NO APLICA,,
HERIDOS,10/24/2020 12:00:00 AM,2020,1899-12-31T19:00:00.000,NOCHE,6_SABADO,NUEVO,CARRERA 31 CALLE 20,URBANA,TECNICO,3.51893,-76.30312,DESOBEDECER SEÑALES,MOTOCICLISTA,CHOQUE,1,NO APLICA,PALMIRA,NO APLICA,MOTO,HONDA,BUGA,PARTICULAR,NO APLICA,,
HERIDOS,10/23/2020 12:00:00 AM,2020,1899-12-31T21:40:00.000,NOCHE,5_VIERNES,JUAN PABLO,CALLE 46 CARRERA 41-39,URBANA,TECNICO,3.54163,-76.31165,IMPERICIA EN ELMANEJO,MOTOCICLISTA,CHOQUE,1,NO APLICA,PALMA,NO APLICA,MOTO,KAWASAKI,GUADALAJARA DE BUGA,PARTICULAR,NO APLICA,,
HERIDOS,10/23/2020 12:00:00 AM,2020,1899-12-31T21:40:00.000,NOCHE,5_VIERNES,JUAN PABLO,CALLE 46 CARRERA 41-39,URBANA,TECNICO,3.54163,-76.31165,IMPERICIA EN ELMANEJO,ACOMPAÑANTE MOTOCICLISTA,CHOQUE,1,NO APLICA,PALMA,NO APLICA,NO APLICA,NO APLICA,NO APLICA,NO APLICA,NO APLICA,,
DAÑOS,10/26/2020 12:00:00 AM,2020,1899-12-31T17:05:00.000,TARDE,1_LUNES,MERCEDES,CARRERA 25 CALLE 57,URBANA,TECNICO,3.54776,-76.28961,NO RESPETAR PRELACION,NO APLICA,CHOQUE,NO APLICA,NO APLICA,NO APLICA,NO APLICA,MOTO,HONDA,PALMIRA,PARTICULAR,NO APLICA,,
DAÑOS,10/26/2020 12:00:00 AM,2020,1899-12-31T17:05:00.000,TARDE,1_LUNES,MERCEDES,CARRERA 25 CALLE 57,URBANA,TECNICO,3.54776,-76.28961,NO RESPETAR PRELACION,NO APLICA,CHOQUE,NO APLICA,NO APLICA,NO APLICA,NO APLICA,AUTOMOVIL,RENAULT,CALI,PARTICULAR,NO APLICA,,
HERIDOS,10/26/2020 12:00:00 AM,2020,1899-12-31T17:00:00.000,TARDE,1_LUNES,SEMBRADOR,CALLE 16 CARRERA 21,URBANA,TECNICO,3.52255,-76.29344,CRUCE REPENTINO,MOTOCICLISTA,CHOQUE,1,NO APLICA,RAUL,NO APLICA,MOTO,KIMCO,CALI,PARTICULAR,NO APLICA,,
HERIDOS,10/26/2020 12:00:00 AM,2020,1899-12-31T17:00:00.000,TARDE,1_LUNES,SEMBRADOR,CALLE 16 CARRERA 21,URBANA,TECNICO,3.52255,-76.29344,CRUCE REPENTINO,NO APLICA,CHOQUE,NO APLICA,NO APLICA,NO APLICA,NO APLICA,AUTOMOVIL,MAZDA,CALI,PARTICULAR,NO APLICA,,
HERIDOS,10/26/2020 12:00:00 AM,2020,1899-12-31T17:00:00.000,TARDE,1_LUNES,SEMBRADOR,CALLE 16 CARRERA 21,URBANA,TECNICO,3.52255,-76.29344,CRUCE REPENTINO,ACOMPAÑANTE MOTOCICLISTA,CHOQUE,1,NO APLICA,RAUL,NO APLICA,NO APLICA,NO APLICA,NO APLICA,NO APLICA,NO APLICA,,
HERIDOS,10/26/2020 12:00:00 AM,2020,1899-12-31T16:50:00.000,TARDE,1_LUNES,SAN PEDRO,CALLE 34 CARRERA 18-74,URBANA,TECNICO,3.53013,-76.28964,INVADIR CARRIL SENTIDO CONTRARIO,NO APLICA,CHOQUE,NO APLICA,NO APLICA,NO APLICA,NO APLICA,MOTO,HONDA,FLORIDA,PARTICULAR,NO APLICA,,
HERIDOS,10/26/2020 12:00:00 AM,2020,1899-12-31T16:50:00.000,TARDE,1_LUNES,SAN PEDRO,CALLE 34 CARRERA 18-74,URBANA,TECNICO,3.53013,-76.28964,INVADIR CARRIL SENTIDO CONTRARIO,NO APLICA,CHOQUE,NO APLICA,NO APLICA,NO APLICA,NO APLICA,MOTO,AKT,PRADERA,PARTICULAR,NO APLICA,,
HERIDOS,10/26/2020 12:00:00 AM,2020,1899-12-31T16:50:00.000,TARDE,1_LUNES,SAN PEDRO,CALLE 34 CARRERA 18-74,URBANA,TECNICO,3.53013,-76.28964,INVADIR CARRIL SENTIDO CONTRARIO,ACOMPAÑANTE MOTOCICLISTA,CHOQUE,1,NO APLICA,PALMA,NO APLICA,NO APLICA,NO APLICA,NO APLICA,NO APLICA,NO APLICA,,
DAÑOS,10/26/2020 12:00:00 AM,2020,1899-12-31T09:20:00.000,TARDE,1_LUNES,CENTRO POBLADO AGUACLARA,CASA5,RURAL,TECNICO,3.50248,-0.00076239,GIRAR BRUSCAMENTE,NO APLICA,CHOQUE,NO APLICA,NO APLICA,NO APLICA,NO APLICA,AUTOMOVIL,MERCEDES,CALI,PARTICULAR,NO APLICA,,
DAÑOS,10/26/2020 12:00:00 AM,2020,1899-12-31T09:20:00.000,TARDE,1_LUNES,CENTRO POBLADO AGUACLARA,CASA5,RURAL,TECNICO,3.50248,-0.00076239,GIRAR BRUSCAMENTE,NO APLICA,CHOQUE,NO APLICA,NO APLICA,NO APLICA,NO APLICA,MOTO,YAMAHA,PRADERA,PARTICULAR,NO APLICA,,
DAÑOS,10/27/2020 12:00:00 AM,2020,1899-12-31T14:15:00.000,TARDE,2_MARTES,RECREO,CARRERA 24 CALLE 22,URBANA,TECNICO,3.51972,-76.29586,NO RESPETAR PRELACION,NO APLICA,CHOQUE,NO APLICA,NO APLICA,NO APLICA,NO APLICA,CAMPERO,RENAULT,MINTRANSPORTE,OFICIAL,NO APLICA,,
DAÑOS,10/27/2020 12:00:00 AM,2020,1899-12-31T14:15:00.000,TARDE,2_MARTES,RECREO,CARRERA 24 CALLE 22,URBANA,TECNICO,3.51972,-76.29586,NO RESPETAR PRELACION,NO APLICA,CHOQUE,NO APLICA,NO APLICA,NO APLICA,NO APLICA,CAMIONETA,RENAULT,PALMIRA,PARTICULAR,NO APLICA,,
HERIDOS,10/27/2020 12:00:00 AM,2020,1899-12-31T14:15:00.000,TARDE,2_MARTES,COLOMBIA,CALLE 33 CARRERA 31,URBANA,TECNICO,3.53103,-0.0007630299999999999,SEMAFORO EN ROJO,NO APLICA,CHOQUE,NO APLICA,NO APLICA,NO APLICA,NO APLICA,AUTOMOVIL,NISSAN,CALI,PARTICULAR,NO APLICA,,
HERIDOS,10/27/2020 12:00:00 AM,2020,1899-12-31T14:15:00.000,TARDE,2_MARTES,COLOMBIA,CALLE 33 CARRERA 31,URBANA,TECNICO,3.53103,-0.0007630299999999999,SEMAFORO EN ROJO,MOTOCICLISTA,CHOQUE,1,NO APLICA,PALMA,NO APLICA,MOTO,YAMAHA,GUACARI,PARTICULAR,NO APLICA,,
DAÑOS,10/27/2020 12:00:00 AM,2020,1899-12-31T19:00:00.000,NOCHE,2_MARTES,SANTA BARBARA,CALLE 31 CARRERA 41,URBANA,TECNICO,3.52978,-76.31143,INVADIR CARRIL SENTIDO CONTRARIO,NO APLICA,CHOQUE,NO APLICA,NO APLICA,NO APLICA,NO APLICA,AUTOMOVIL,MAZDA,CALI,PARTICULAR,NO APLICA,,
DAÑOS,10/27/2020 12:00:00 AM,2020,1899-12-31T19:00:00.000,NOCHE,2_MARTES,SANTA BARBARA,CALLE 31 CARRERA 41,URBANA,TECNICO,3.52978,-76.31143,INVADIR CARRIL SENTIDO CONTRARIO,NO APLICA,CHOQUE,NO APLICA,NO APLICA,NO APLICA,NO APLICA,CAMION,CHEVROLET,BARRANQUILLA,PARTICULAR,NO APLICA,,
HERIDOS,10/26/2020 12:00:00 AM,2020,1899-12-31T11:20:00.000,MAÑANA,1_LUNES,SANTA RITA,CALLE 36 CARRERA 27,URBANA,TECNICO,3.53265,-76.29708,SEMAFORO EN ROJO,MOTOCICLISTA,CHOQUE,1,NO APLICA,PALMIRA,NO APLICA,MOTO,HERO,FLORIDA,PARTICULAR,NO APLICA,,
HERIDOS,10/26/2020 12:00:00 AM,2020,1899-12-31T11:20:00.000,MAÑANA,1_LUNES,SANTA RITA,CALLE 36 CARRERA 27,URBANA,TECNICO,3.53265,-76.29708,SEMAFORO EN ROJO,MOTOCICLISTA,CHOQUE,1,NO APLICA,PALMIRA,NO APLICA,MOTO,HONDA,CALI,PARTICULAR,NO APLICA,,
HERIDOS,10/26/2020 12:00:00 AM,2020,1899-12-31T11:20:00.000,MAÑANA,1_LUNES,SANTA RITA,CALLE 36 CARRERA 27,URBANA,TECNICO,3.53265,-76.29708,SEMAFORO EN ROJO,ACOMPAÑANTE MOTOCICLISTA,CHOQUE,1,NO APLICA,PALMIRA,NO APLICA,NO APLICA,NO APLICA,NO APLICA,NO APLICA,NO APLICA,,
DAÑOS,10/26/2020 12:00:00 AM,2020,1899-12-31T10:30:00.000,MAÑANA,1_LUNES,PARQUIADERO AEROPUERTO,KM 13,RURAL,TECNICO,3.53634,-76.38794,NO TOMAS LAS MEDIDAS DE PRECAUCION,NO APLICA,CHOQUE,NO APLICA,NO APLICA,NO APLICA,NO APLICA,TRACTO CAMION,KENWORTH,DUITAMA,PUBLICO,NO APLICA,,
DAÑOS,10/26/2020 12:00:00 AM,2020,1899-12-31T10:30:00.000,MAÑANA,1_LUNES,PARQUIADERO AEROPUERTO,KM 13,RURAL,TECNICO,3.53634,-76.38794,NO TOMAS LAS MEDIDAS DE PRECAUCION,NO APLICA,CHOQUE,NO APLICA,NO APLICA,NO APLICA,NO APLICA,TRACTO CAMION,INTERNATIONAL,EL CERRITO,PUBLICO,NO APLICA,,
HERIDOS,10/28/2020 12:00:00 AM,2020,1899-12-31T13:00:00.000,TARDE,3_MIERCOLES,CHAPINERO SUR,CALLE 6 CARRERA 31,URBANA,TECNICO,3.50508,-76.31013,NO RESPETAR PRELACION,MOTOCICLISTA,CHOQUE,1,NO APLICA,PALMIRA,NO APLICA,MOTO,HONDA,PALMIRA,PARTICULAR,NO APLICA,,
HERIDOS,10/28/2020 12:00:00 AM,2020,1899-12-31T13:00:00.000,TARDE,3_MIERCOLES,CHAPINERO SUR,CALLE 6 CARRERA 31,URBANA,TECNICO,3.50508,-76.31013,NO RESPETAR PRELACION,NO APLICA,CHOQUE,NO APLICA,NO APLICA,NO APLICA,NO APLICA,AUTOMOVIL,GEELY,PALMIRA,PARTICULAR,NO APLICA,,
DAÑOS,10/24/2020 12:00:00 AM,2020,1899-12-31T18:00:00.000,NOCHE,6_SABADO,CENTRO,CALLE 29 CARRERA 32,URBANA,TECNICO,3.52661,-76.30263,SEMAFORO EN ROJO,NO APLICA,CHOQUE,NO APLICA,NO APLICA,NO APLICA,NO APLICA,AUTOMOVIL,CHEVROLET,PALMIRA,PARTICULAR,NO APLICA,,
DAÑOS,10/24/2020 12:00:00 AM,2020,1899-12-31T18:00:00.000,NOCHE,6_SABADO,CENTRO,CALLE 29 CARRERA 32,URBANA,TECNICO,3.52661,-76.30263,SEMAFORO EN ROJO,NO APLICA,CHOQUE,NO APLICA,NO APLICA,NO APLICA,NO APLICA,MOTO,HONDA,FLORIDA,PARTICULAR,NO APLICA,,
HERIDOS,10/29/2020 12:00:00 AM,2020,1899-12-31T14:40:00.000,TARDE,4_JUEVES,URIBE,CALLE 34 CARRERA 22,URBANA,TECNICO,3.53046,-76.29333,DESOBEDECER SEÑALES,NO APLICA,CHOQUE,NO APLICA,NO APLICA,NO APLICA,NO APLICA,AUTOMOVIL,CHEVROLET,CALI,PARTICULAR,NO APLICA,,
HERIDOS,10/29/2020 12:00:00 AM,2020,1899-12-31T14:40:00.000,TARDE,4_JUEVES,URIBE,CALLE 34 CARRERA 22,URBANA,TECNICO,3.53046,-76.29333,DESOBEDECER SEÑALES,MOTOCICLISTA,CHOQUE,1,NO APLICA,PALMIRA,NO APLICA,MOTO,KIMCO,PALMIRA,PARTICULAR,NO APLICA,,
HERIDOS,10/29/2020 12:00:00 AM,2020,1899-12-31T14:40:00.000,TARDE,4_JUEVES,URIBE,CALLE 34 CARRERA 22,URBANA,TECNICO,3.53046,-76.29333,DESOBEDECER SEÑALES,ACOMPAÑANTE MOTOCICLISTA,CHOQUE,1,NO APLICA,PALMIRA,NO APLICA,NO APLICA,NO APLICA,NO APLICA,NO APLICA,NO APLICA,,
DAÑOS,10/29/2020 12:00:00 AM,2020,1899-12-31T15:30:00.000,TARDE,4_JUEVES,SAN PEDRO,CARRERA 19 CALLE 39,URBANA,TECNICO,3.53465,-76.29057,DESOBEDECER SEÑALES,NO APLICA,CHOQUE,NO APLICA,NO APLICA,NO APLICA,NO APLICA,AUTOMOVIL,HYUNDAI,PALMIRA,PARTICULAR,NO APLICA,,
DAÑOS,10/29/2020 12:00:00 AM,2020,1899-12-31T15:30:00.000,TARDE,4_JUEVES,SAN PEDRO,CARRERA 19 CALLE 39,URBANA,TECNICO,3.53465,-76.29057,DESOBEDECER SEÑALES,NO APLICA,CHOQUE,NO APLICA,NO APLICA,NO APLICA,NO APLICA,CAMIONETA,DFM,GUACARI,PARTICULAR,NO APLICA,,
HERIDOS,10/28/2020 12:00:00 AM,2020,1899-12-31T15:50:00.000,TARDE,3_MIERCOLES,CUIDAD DEL CAMPO,CALLE 100 CARRERA 11,URBANA,TECNICO,3.45522,-76.47066,GIRAR BRUSCAMENTE,MOTOCICLISTA,CHOQUE,1,NO APLICA,TRAUMA CALI,NO APLICA,MOTO,VICTORY,FLORIDA,PARTICULAR,NO APLICA,,
HERIDOS,10/28/2020 12:00:00 AM,2020,1899-12-31T15:50:00.000,TARDE,3_MIERCOLES,CUIDAD DEL CAMPO,CALLE 100 CARRERA 11,URBANA,TECNICO,3.45522,-76.47066,GIRAR BRUSCAMENTE,NO APLICA,CHOQUE,NO APLICA,NO APLICA,NO APLICA,NO APLICA,AUTOMOVIL,RENAULT,BOGOTA,PARTICULAR,NO APLICA,,
HERIDOS,10/28/2020 12:00:00 AM,2020,1899-12-31T15:50:00.000,TARDE,3_MIERCOLES,CUIDAD DEL CAMPO,CALLE 100 CARRERA 11,URBANA,TECNICO,3.45522,-76.47066,GIRAR BRUSCAMENTE,ACOMPAÑANTE MOTOCICLISTA,CHOQUE,1,NO APLICA,TRAUMA CALI,NO APLICA,NO APLICA,NO APLICA,NO,NO APLICA,NO APLICA,,
DAÑOS,10/30/2020 12:00:00 AM,2020,1899-12-31T17:55:00.000,TARDE,5_VIERNES,ESTONIA,CALE 42 CARRRA 30,URBANA,TECNICO,3.53815,-76.29875,ARRANCAR SIN PRECAUCION,NO APLICA,CHOQUE,NO APLICA,NO APLICA,NO APLICA,NO APLICA,AUTOMOVIL,CHEVROLET,CALI,PARTICULAR,NO APLICA,,
DAÑOS,10/30/2020 12:00:00 AM,2020,1899-12-31T17:55:00.000,TARDE,5_VIERNES,ESTONIA,CALE 42 CARRRA 30,URBANA,TECNICO,3.53815,-76.29875,ARRANCAR SIN PRECAUCION,NO APLICA,CHOQUE,NO APLICA,NO APLICA,NO APLICA,NO APLICA,CAMION,INTERNATIONAL,CANDELARIA,OFICIAL,NO APLICA,,
HERIDOS,10/29/2020 12:00:00 AM,2020,1899-12-31T10:00:00.000,MAÑANA,4_JUEVES,GUAYACANES,CALLE 23 CARRERA 23,URBANA,TECNICO,3.52071,-76.29498,DESOBEDECER SEÑALES,MOTOCICLISTA,CHOQUE,1,NO APLICA,RAUL,NO APLICA,MOTO,YAMAHA,CALI,PARTICULAR,NO APLICA,,
HERIDOS,10/29/2020 12:00:00 AM,2020,1899-12-31T10:00:00.000,MAÑANA,4_JUEVES,GUAYACANES,CALLE 23 CARRERA 23,URBANA,TECNICO,3.52071,-76.29498,DESOBEDECER SEÑALES,NO APLICA,CHOQUE,NO APLICA,NO APLICA,NO APLICA,NO APLICA,AUTOMOVIL,CHEVROLET,GUACARI,PARTICULAR,NO APLICA,,
DAÑOS,10/30/2020 12:00:00 AM,2020,1899-12-31T13:00:00.000,TARDE,5_VIERNES,CORONADO,CARRERA 38 CALLE 66-65,URBANA,TECNICO,3.5536,-76.30914,NO ESTAR PENDIENTE D ELA VIA,NO APLICA,CHOQUE,NO APLICA,NO APLICA,NO APLICA,NO APLICA,AUTOMOVIL,MAZDA,BOGOTA,PARTICULAR,NO APLICA,,
DAÑOS,10/30/2020 12:00:00 AM,2020,1899-12-31T13:00:00.000,TARDE,5_VIERNES,CORONADO,CARRERA 38 CALLE 66-65,URBANA,TECNICO,3.5536,-76.30914,NO ESTAR PENDIENTE D ELA VIA,NO APLICA,CHOQUE,NO APLICA,NO APLICA,NO APLICA,NO APLICA,CAMION,MITSUBISHI,CUNDINAMARCA,PUBLICO,NO APLICA,,
HERIDOS,10/29/2020 12:00:00 AM,2020,1899-12-31T12:20:00.000,TARDE,4_JUEVES,OBRERO,CALLE 37 CARRERA 26,URBANA,TECNICO,3.53334,-76.29617,ARRANCAR SIN PRECAUCION,NO APLICA,CHOQUE,NO APLICA,NO APLICA,NO APLICA,NO APLICA,AUTOMOVIL,CHEVROLET,CALI,PARTICULAR,NO APLICA,,
HERIDOS,10/29/2020 12:00:00 AM,2020,1899-12-31T12:20:00.000,TARDE,4_JUEVES,OBRERO,CALLE 37 CARRERA 26,URBANA,TECNICO,3.53334,-76.29617,ARRANCAR SIN PRECAUCION,PEATON,CHOQUE,1,NO APLICA,PALMIRA,NO APLICA,NO APLICA,NO APLICA,NO,NO APLICA,NO APLICA,,
DAÑOS,10/31/2020 12:00:00 AM,2020,1899-12-31T13:20:00.000,TARDE,6_SABADO,MERCEDES,CARRERA 28 BCALLE 57,URBANA,TECNICO,3.54738,-76.29436,ADELANTAR CERRANDO,NO APLICA,CHOQUE,NO APLICA,NO APLICA,NO APLICA,NO APLICA,AUTOMOVIL,MAZDA,CALI,PARTICULAR,NO APLICA,,
DAÑOS,10/31/2020 12:00:00 AM,2020,1899-12-31T13:20:00.000,TARDE,6_SABADO,MERCEDES,CARRERA 28 BCALLE 57,URBANA,TECNICO,3.54738,-76.29436,ADELANTAR CERRANDO,NO APLICA,CHOQUE,NO APLICA,NO APLICA,NO APLICA,NO APLICA,CAMIONETA,CHEVROLET,BOGOTA,PARTICULAR,NO APLICA,,
HERIDOS,11/01/2020 12:00:00 AM,2020,1899-12-31T07:50:00.000,MAÑANA,7_DOMINGO,VIA PALMIRA - POTRERILLO,KM 14 + 35 MTS,URBANA,TECNICO,3.57287,-76.21604,PERDIDA DEL CONTROL,MOTOCICLISTA,VOLCAMIENTO,1,NO APLICA,RAUL,NO APLICA,MOTO,YAMAHA,PRADERA,PARTICULAR,NO APLICA,,
HERIDOS,11/01/2020 12:00:00 AM,2020,1899-12-31T07:50:00.000,MAÑANA,7_DOMINGO,VIA PALMIRA - POTRERILLO,KM 14 + 35 MTS,URBANA,TECNICO,3.57287,-76.21604,PERDIDA DEL CONTROL,ACOMPAÑANTE MOTOCICLISTA,VOLCAMIENTO,1,NO APLICA,RAUL,NO APLICA,NO APLICA,NO APLICA,NON,NO APLICA,NO APLICA,,
HERIDOS,11/01/2020 12:00:00 AM,2020,1899-12-31T09:30:00.000,MAÑANA,7_DOMINGO,SAN PEDRO,CARRERA 19 CALLE 38-22,URBANA,TECNICO,3.53399,-76.29055,CRUZAR SIN OBSERVAR,MOTOCICLISTA,ATROPELLO,1,NO APLICA,PALMA,NO APLICA,MOTO,BAJAJ,FLORIDA,PARTICULAR,NO APLICA,,
HERIDOS,11/01/2020 12:00:00 AM,2020,1899-12-31T09:30:00.000,MAÑANA,7_DOMINGO,SAN PEDRO,CARRERA 19 CALLE 38-22,URBANA,TECNICO,3.53399,-76.29055,CRUZAR SIN OBSERVAR,CICLISTA,ATROPELLO,1,NO APLICA,PALMA,NO APLICA,BICICLETA,NO APLICA,FLORIDA,PARTICULAR,NO APLICA,,
HERIDOS,11/01/2020 12:00:00 AM,2020,1899-12-31T12:15:00.000,TARDE,7_DOMINGO,CENTRO POBLADO GUAYABAL,KM 5,RURAL,TECNICO,3.54724,-76.26224,ADEALNTAR ZON PROHIBIDA,CICLISTA,CHOQUE,1,NO APLICA,PALMA,NO APLICA,BICICLETA,TODO TERENO,NO APLICA,PARTICULAR,NO APLICA,,
HERIDOS,11/01/2020 12:00:00 AM,2020,1899-12-31T12:15:00.000,TARDE,7_DOMINGO,CENTRO POBLADO GUAYABAL,KM 5,RURAL,TECNICO,3.54724,-76.26224,ADEALNTAR ZON PROHIBIDA,NO APLICA,CHOQUE,NO APLICA,NO APLICA,NO APLICA,NO APLICA,CAMPERO,TOYOTA,CALI,PARTICULAR,NO APLICA,,
HERIDOS,10/31/2020 12:00:00 AM,2020,1899-12-31T22:30:00.000,NOCHE,6_SABADO,ZAMORANO,DIAGONAL 63 CARRERA 33,URBANA,TECNICO,3.55721,-76.30064,NO STAR PNDIENTE DE LA VIA,MOTOCICLISTA,CHOQUE,1,NO APLICA,PALMA,NO APLICA,MOTO,YAMAHA,PRADERA,PARTICULAR,NO APLICA,,
HERIDOS,10/31/2020 12:00:00 AM,2020,1899-12-31T22:30:00.000,NOCHE,6_SABADO,ZAMORANO,DIAGONAL 63 CARRERA 33,URBANA,TECNICO,3.55721,-76.30064,NO STAR PNDIENTE DE LA VIA,NO APLICA,CHOQUE,NO APLICA,NO APLICA,NO APLICA,NO APLICA,AUTOMOVIL,RENAULT,BOGOTA,PARTICULAR,NO APLICA,,
HERIDOS,10/31/2020 12:00:00 AM,2020,1899-12-31T22:30:00.000,NOCHE,6_SABADO,ZAMORANO,DIAGONAL 63 CARRERA 33,URBANA,TECNICO,3.55721,-76.30064,NO STAR PNDIENTE DE LA VIA,ACOMPAÑANTE MOTOCICLISTA,CHOQUE,1,NO APLICA,PALMA,NO APLICA,NO APLICA,NO APLICA,NO APLICA,NO APLICA,NO APLICA,,
MUERTO,10/30/2020 12:00:00 AM,2020,1899-12-31T23:30:00.000,NOCHE,5_VIERNES,CENTRO POBLADO ROZO,AVENIDAD 9 N13-181,URBANA,TECNICO,3.61585,-76.38879,POR ESTABLECER,MOTOCICLISTA,CHOQUE,NO APLICA,1,NO APLICA,NO APLICA,MOTO,AKT,BUGA,PARTICULAR,NO APLICA,,
DAÑOS,11/02/2020 12:00:00 AM,2020,1899-12-31T15:50:00.000,TARDE,1_LUNES,RECREO,CALLE 22 CARRERA 28,URBANA,TECNICO,3.52022,-76.29992,DESOBEDECER SEÑALES,NO APLICA,CHOQUE,NO APLICA,NO APLICA,NO APLICA,NO APLICA,CAMIONETA,JAC,FLORIDA,PARTICULAR,NO APLICA,,
DAÑOS,11/02/2020 12:00:00 AM,2020,1899-12-31T15:50:00.000,TARDE,1_LUNES,RECREO,CALLE 22 CARRERA 28,URBANA,TECNICO,3.52022,-76.29992,DESOBEDECER SEÑALES,NO APLICA,CHOQUE,NO APLICA,NO APLICA,NO APLICA,NO APLICA,MOTO,VICTORY,JAMUNDI,PARTICULAR,NO APLICA,,
DAÑOS,11/02/2020 12:00:00 AM,2020,1899-12-31T18:20:00.000,NOCHE,1_LUNES,LAS FLORES,CALLE 21 CARRERA 4,URBANA,TECNICO,3.5187,-76.28003,FALTA DE PRECAUCION,NO APLICA,CHOQUE,NO APLICA,NO APLICA,NO APLICA,NO APLICA,AUTOMOVIL,FORD,CALI,PARTICULAR,NO APLICA,,
DAÑOS,11/02/2020 12:00:00 AM,2020,1899-12-31T19:00:00.000,NOCHE,1_LUNES,SANTA BARBARA,CALLE 31 CARRERA 44-45,URBANA,TECNICO,3.52986,-76.31501,NO MANTENER DISTANCIA,NO APLICA,CHOQUE,NO APLICA,NO APLICA,NO APLICA,NO APLICA,AUTOMOVIL,KIA,PALMIRA,PARTICULAR,NO APLICA,,
DAÑOS,11/02/2020 12:00:00 AM,2020,1899-12-31T19:00:00.000,NOCHE,1_LUNES,SANTA BARBARA,CALLE 31 CARRERA 44-45,URBANA,TECNICO,3.52986,-76.31501,NO MANTENER DISTANCIA,NO APLICA,CHOQUE,NO APLICA,NO APLICA,NO APLICA,NO APLICA,AUTOMOVIL,CHEVROLET,CALI,PARTICULAR,NO APLICA,,
DAÑOS,11/03/2020 12:00:00 AM,2020,1899-12-31T16:50:00.000,TARDE,2_MARTES,PRADO,CALLE 42 CARRERA 41,URBANA,TECNICO,3.53892,-76.3115,NO MANTENER DISTANCIA,NO APLICA,CHOQUE,NO APLICA,NO APLICA,NO APLICA,NO APLICA,AUTOMOVIL,CHEVROLET,CALI,PARTICULAR,NO APLICA,,
DAÑOS,11/03/2020 12:00:00 AM,2020,1899-12-31T16:50:00.000,TARDE,2_MARTES,PRADO,CALLE 42 CARRERA 41,URBANA,TECNICO,3.53892,-76.3115,NO MANTENER DISTANCIA,NO APLICA,CHOQUE,NO APLICA,NO APLICA,NO APLICA,NO APLICA,CAMIONETA,FORD,CALI,PARTICULAR,NO APLICA,,
DAÑOS,10/31/2020 12:00:00 AM,2020,1899-12-31T19:25:00.000,NOCHE,6_SABADO,VERSALLE S,CALLE 42 CARRERA 28,URBANA,TECNICO,3.53804,-76.29741,NO MANTENER DISTANCIA DE SEGURIDAD,NO APLICA,CHOQUE,NO APLICA,NO APLICA,NO APLICA,NO APLICA,CAMIONETA,MAZDA,CALI,PARTICULAR,NO APLICA,,
DAÑOS,10/31/2020 12:00:00 AM,2020,1899-12-31T19:25:00.000,NOCHE,6_SABADO,VERSALLE S,CALLE 42 CARRERA 28,URBANA,TECNICO,3.53804,-76.29741,NO MANTENER DISTANCIA DE SEGURIDAD,NO APLICA,CHOQUE,NO APLICA,NO APLICA,NO APLICA,NO APLICA,AUTOMOVIL,KIA,PALMIRA,PUBLICO,TRAS UNIDOS,,