GRAVEDAD,FECHA,AÑO,HORA,JORNADA,DIA_SEMANA,BARRIOS_CORREGIMIENTO_VIA,DIRECCION,ZONA,AUTORIDAD,LAT,LONG,HIPOTESIS,CONDICION_DE_LA_VICTIMA,CLASE_DE_SINIESTRO,LESIONADO,HOMICIDIOS,CLINICA,SITIO,CLASE_DE_VEHICULO,MARCA,MATRICULA,TIPO_DE_SERVICIO,EMPRESA, , .1
HERIDOS,11/14/2020 12:00:00 AM,2020,1899-12-31T18:00:00.000,NOCHE,6_SABADO,ALTAMIRA,CALLE 47 CARRERA 19,URBANA,TECNICO,3.54259,-76.29101,NO MANTENER DISTANCIA,CICLISTA,CHOQUE,1,NO APLICA,PALMA,NO APLICA,BICICLETA,TRICICLO,NO APLICA,PARTICULAR,NO APLICA,,
HERIDOS,11/14/2020 12:00:00 AM,2020,1899-12-31T18:00:00.000,NOCHE,6_SABADO,ALTAMIRA,CALLE 47 CARRERA 19,URBANA,TECNICO,3.54259,-76.29101,NO MANTENER DISTANCIA,ACOMPAÑANTE CICLISTA,CHOQUE,1,NO APLICA,PALMA,NO APLICA,NO APLICA,NO APLICA,NO APLICA,NO APLICA,NO APLICA,,
HERIDOS,11/14/2020 12:00:00 AM,2020,1899-12-31T19:00:00.000,NOCHE,6_SABADO,NUEVO,CARRERA 33A CALLE 23,URBANA,TECNICO,3.5217,-76.30491,SEMAFORO EN ROJO,MOTOCICLISTA,CHOQUE,1,NO APLICA,PALMIRA,NO APLICA,MOTO,HONDA,GUACARI,PARTICULAR,NO APLICA,,
HERIDOS,11/14/2020 12:00:00 AM,2020,1899-12-31T19:00:00.000,NOCHE,6_SABADO,NUEVO,CARRERA 33A CALLE 23,URBANA,TECNICO,3.5217,-76.30491,SEMAFORO EN ROJO,MOTOCICLISTA,CHOQUE,1,NO APLICA,PALMA,NO APLICA,MOTO,HONDA,FLORIDA,PARTICULAR,NO APLICA,,
HERIDOS,11/14/2020 12:00:00 AM,2020,1899-12-31T19:00:00.000,NOCHE,6_SABADO,NUEVO,CARRERA 33A CALLE 23,URBANA,TECNICO,3.5217,-76.30491,SEMAFORO EN ROJO,ACOMPAÑANTE MOTOCICLISTA,CHOQUE,1,NO APLICA,PALMA,NO APLICA,NO APLICA,NO APLICA,NO APLICA,NO APLICA,NO APLICA,,
HERIDOS,11/14/2020 12:00:00 AM,2020,1899-12-31T22:50:00.000,NOCHE,6_SABADO,RECREO,CARRERA 24 CALLE 21,URBANA,TECNICO,3.519e-05,-76.29586,NO RESPETAR PRELACION,NO APLICA,CHOQUE,NO APLICA,NO APLICA,NO APLICA,NO APLICA,AUTOMOVIL,CHEVROLET,CALI,PARTICULAR,NO APLICA,,
HERIDOS,11/14/2020 12:00:00 AM,2020,1899-12-31T22:50:00.000,NOCHE,6_SABADO,RECREO,CARRERA 24 CALLE 21,URBANA,TECNICO,3.519e-05,-76.29586,NO RESPETAR PRELACION,NO APLICA,CHOQUE,NO APLICA,NO APLICA,NO APLICA,NO APLICA,MOTO,KEEWAY,PRADERA,PARTICULAR,NO APLICA,,
HERIDOS,11/14/2020 12:00:00 AM,2020,1899-12-31T22:50:00.000,NOCHE,6_SABADO,RECREO,CARRERA 24 CALLE 21,URBANA,TECNICO,3.519e-05,-76.29586,NO RESPETAR PRELACION,ACOMPAÑANTE MOTOCICLISTA,CHOQUE,1,NO APLICA,PALMIRA,NO APLICA,NO APLICA,NO APLICA,NO APLICA,NO APLICA,NO APLICA,,
HERIDOS,11/15/2020 12:00:00 AM,2020,1899-12-31T21:15:00.000,NOCHE,7_DOMINGO,RECREO,CARRERA 24 CALLE 18,URBANA,TECNICO,3.51685,-76.29586,SEMAFORO EN ROJO,MOTOCICLISTA,CHOQUE,1,NO APLICA,PALMIRA,NO APLICA,MOTO,SUZUKI,CALI,PARTICULAR,NO APLICA,,
HERIDOS,11/15/2020 12:00:00 AM,2020,1899-12-31T21:15:00.000,NOCHE,7_DOMINGO,RECREO,CARRERA 24 CALLE 18,URBANA,TECNICO,3.51685,-76.29586,SEMAFORO EN ROJO,NO APLICA,CHOQUE,NO APLICA,NO APLICA,NO APLICA,NO APLICA,MOTO,KIMCO,CALI,PARTICULAR,NO APLICA,,
DAÑOS,11/15/2020 12:00:00 AM,2020,1899-12-31T19:20:00.000,NOCHE,7_DOMINGO,VERSALLE S,CALLE 42 CARRERA 28,URBANA,TECNICO,3.53801,-76.29739,NO ESTAR PENDIENTE DE LA VIA,NO APLICA,CHOQUE,NO APLICA,NO APLICA,NO APLICA,NO APLICA,AUTOMOVIL,HYUNDAI,CALI,PARTICULAR,NO APLICA,,
DAÑOS,11/15/2020 12:00:00 AM,2020,1899-12-31T21:00:00.000,NOCHE,7_DOMINGO,POBLADO,CALLE 44 CARRERA 13,URBANA,TECNICO,3.53937,-0.00076286,INVADIR CARRIL SENTIDO CONTRARIO,NO APLICA,CHOQUE,NO APLICA,NO APLICA,NO APLICA,NO APLICA,AUTOMOVIL,KIA,CALI,PARTICULAR,NO APLICA,,
DAÑOS,11/15/2020 12:00:00 AM,2020,1899-12-31T21:00:00.000,NOCHE,7_DOMINGO,POBLADO,CALLE 44 CARRERA 13,URBANA,TECNICO,3.53937,-0.00076286,INVADIR CARRIL SENTIDO CONTRARIO,NO APLICA,CHOQUE,NO APLICA,NO APLICA,NO APLICA,NO APLICA,AUTOMOVIL,RENAULT,CALI,PARTICULAR,NO APLICA,,
HERIDOS,11/16/2020 12:00:00 AM,2020,1899-12-31T15:40:00.000,TARDE,1_LUNES,ZAMORANO,CARRERA 28 CALLE 60,URBANA,TECNICO,3.5502,-76.29437,PERDIDA DEL CONTROL,CONDUCTOR,CHOQUE,1,NO APLICA,PALMA,NO APLICA,MICROBUS,IVECO,SANTANDER,PUBLICO,TRANS YUMBO,,
HERIDOS,11/16/2020 12:00:00 AM,2020,1899-12-31T15:40:00.000,TARDE,1_LUNES,ZAMORANO,CARRERA 28 CALLE 60,URBANA,TECNICO,3.5502,-76.29437,PERDIDA DEL CONTROL,PASAJERO,CHOQUE,1,NO APLICA,PALMA,NO APLICA,NO APLICA,NO APLICA,NO APLICA,NO APLICA,NO APLICA,,
HERIDOS,11/16/2020 12:00:00 AM,2020,1899-12-31T15:40:00.000,TARDE,1_LUNES,ZAMORANO,CARRERA 28 CALLE 60,URBANA,TECNICO,3.5502,-76.29437,PERDIDA DEL CONTROL,PASAJERO,CHOQUE,1,NO APLICA,PALMA,NO APLICA,NO APLICA,NO APLICA,NO APLICA,NO APLICA,NO APLICA,,
HERIDOS,11/16/2020 12:00:00 AM,2020,1899-12-31T15:40:00.000,TARDE,1_LUNES,ZAMORANO,CARRERA 28 CALLE 60,URBANA,TECNICO,3.5502,-76.29437,PERDIDA DEL CONTROL,PASAJERO,CHOQUE,1,NO APLICA,PALMA,NO APLICA,NO APLICA,NO APLICA,NO APLICA,NO APLICA,NO APLICA,,
HERIDOS,11/16/2020 12:00:00 AM,2020,1899-12-31T15:40:00.000,TARDE,1_LUNES,ZAMORANO,CARRERA 28 CALLE 60,URBANA,TECNICO,3.5502,-76.29437,PERDIDA DEL CONTROL,PASAJERO,CHOQUE,1,NO APLICA,PALMA,NO APLICA,NO APLICA,NO APLICA,NO APLICA,NO APLICA,NO APLICA,,
HERIDOS,11/16/2020 12:00:00 AM,2020,1899-12-31T15:40:00.000,TARDE,1_LUNES,ZAMORANO,CARRERA 28 CALLE 60,URBANA,TECNICO,3.5502,-76.29437,PERDIDA DEL CONTROL,PASAJERO,CHOQUE,1,NO APLICA,PALMA,NO APLICA,NO APLICA,NO APLICA,NO APLICA,NO APLICA,NO APLICA,,
HERIDOS,11/16/2020 12:00:00 AM,2020,1899-12-31T13:35:00.000,TARDE,1_LUNES,LAS FLORES,CALLE 30 CARRERA 1 +50 MTS,URBANA,TECNICO,3.52085,-76.27788,ARRANCAR SIN PRECAUCION,MOTOCICLISTA,CHOQUE,1,NO APLICA,PALMIRA,NO APLICA,MOTO,HERO,PRADERA,PARTICULAR,NO APLICA,,
HERIDOS,11/16/2020 12:00:00 AM,2020,1899-12-31T13:35:00.000,TARDE,1_LUNES,LAS FLORES,CALLE 30 CARRERA 1 +50 MTS,URBANA,TECNICO,3.52085,-76.27788,ARRANCAR SIN PRECAUCION,NO APLICA,CHOQUE,NO APLICA,NO APLICA,NO APLICA,NO APLICA,AUTOMOVIL,CHEVROLET,PALMIRA,PARTICULAR,NO APLICA,,
HERIDOS,11/16/2020 12:00:00 AM,2020,1899-12-31T14:10:00.000,TARDE,1_LUNES,SANTA RITA,CALLE 36 CARRERA 27,URBANA,TECNICO,3.53264,-76.29707,SEMAFORO EN ROJO,MOTOCICLISTA,CHOQUE,1,NO APLICA,PALMIRA,NO APLICA,MOTO,HONDA,GUACARI,PARTICULAR,NO APLICA,,
HERIDOS,11/16/2020 12:00:00 AM,2020,1899-12-31T14:10:00.000,TARDE,1_LUNES,SANTA RITA,CALLE 36 CARRERA 27,URBANA,TECNICO,3.53264,-76.29707,SEMAFORO EN ROJO,NO APLICA,CHOQUE,NO APLICA,NO APLICA,NO APLICA,NO APLICA,CAMIONETA,RENAULT,CALI,PARTICULAR,NO APLICA,,
HERIDOS,11/17/2020 12:00:00 AM,2020,1899-12-31T14:15:00.000,TARDE,2_MARTES,ZAMORANO,CARRERA 28 CALLE 60 -58,URBANA,TECNICO,3.54956,-76.29451,NO MANTENER DISTANCIA,NO APLICA,CHOQUE,NO APLICA,NO APLICA,NO APLICA,NO APLICA,MOTO,YAMAHA,PRADERA,PARTICULAR,NO APLICA,,
HERIDOS,11/17/2020 12:00:00 AM,2020,1899-12-31T14:15:00.000,TARDE,2_MARTES,ZAMORANO,CARRERA 28 CALLE 60 -58,URBANA,TECNICO,3.54956,-76.29451,NO MANTENER DISTANCIA,CICLISTA,CHOQUE,1,NO APLICA,RAUL,NO APLICA,BICICLETA,NO APLICA,NO APLICA,PARTICULAR,NO APLICA,,
HERIDOS,11/17/2020 12:00:00 AM,2020,1899-12-31T11:00:00.000,MAÑANA,2_MARTES,COLOMBIA,CARRERA 32 CALLE 39-52,URBANA,TECNICO,3.53633,-76.30115,NO ESTAR PENDIENTE DE LA VIA,CICLISTA,CHOQUE,1,NO APLICA,RAUL,NO APLICA,BICICLETA,NO APLICA,NO APLICA,PARTICULAR,NO APLICA,,
HERIDOS,11/17/2020 12:00:00 AM,2020,1899-12-31T11:00:00.000,MAÑANA,2_MARTES,COLOMBIA,CARRERA 32 CALLE 39-52,URBANA,TECNICO,3.53633,-76.30115,NO ESTAR PENDIENTE DE LA VIA,MOTOCICLISTA,CHOQUE,1,NO APLICA,RAUL,NO APLICA,MOTO,BAJAJ,CALI,PARTICULAR,NO APLICA,,
HERIDOS,11/17/2020 12:00:00 AM,2020,1899-12-31T12:30:00.000,TARDE,2_MARTES,COLOMBIA,CALLE 33 CARRERA 31,URBANA,TECNICO,3.53076,-76.30103,SEMAFORO EN ROJO,MOTOCICLISTA,CHOQUE,1,NO APLICA,PALMIRA,NO APLICA,MOTO,SUZUKI,PALMIRA,PARTICULAR,NO APLICA,,
HERIDOS,11/17/2020 12:00:00 AM,2020,1899-12-31T12:30:00.000,TARDE,2_MARTES,COLOMBIA,CALLE 33 CARRERA 31,URBANA,TECNICO,3.53076,-76.30103,SEMAFORO EN ROJO,NO APLICA,CHOQUE,NO APLICA,NO APLICA,NO APLICA,NO APLICA,AUTOMOVIL,RENAULT,MEDELLIN,PARTICULAR,NO APLICA,,
DAÑOS,11/17/2020 12:00:00 AM,2020,1899-12-31T11:05:00.000,MAÑANA,2_MARTES,LAS FLORES,CALLE 30 CARRERA 1,URBANA,TECNICO,3.52133,-76.27818,RVERSO IMPRUDENTE,NO APLICA,CHOQUE,NO APLICA,NO APLICA,NO APLICA,NO APLICA,CAMION,CHEVROLET,GUACARI,PUBLICO,NO APLICA,,
DAÑOS,11/17/2020 12:00:00 AM,2020,1899-12-31T11:05:00.000,MAÑANA,2_MARTES,LAS FLORES,CALLE 30 CARRERA 1,URBANA,TECNICO,3.52133,-76.27818,RVERSO IMPRUDENTE,NO APLICA,CHOQUE,NO APLICA,NO APLICA,NO APLICA,NO APLICA,CAMIONETA,CHEVROLET,CALI,PUBLICO,NO APLICA,,
HERIDOS,11/16/2020 12:00:00 AM,2020,1899-12-31T12:30:00.000,TARDE,1_LUNES,CHAPINERO SUR,CARRERA 32 VIA BOLO,RURAL,TECNICO,3.49999,-76.31859,INVADIENDO CARRIL,NO APLICA,CHOQUE,NO APLICA,NO APLICA,NO APLICA,NO APLICA,CAMIONETA,KIA,CALI,PARTICULAR,NO APLICA,,
HERIDOS,11/16/2020 12:00:00 AM,2020,1899-12-31T12:30:00.000,TARDE,1_LUNES,CHAPINERO SUR,CARRERA 32 VIA BOLO,RURAL,TECNICO,3.49999,-76.31859,INVADIENDO CARRIL,CONDUCTOR,CHOQUE,1,NO APLICA,SANTA BARBARA,NO APLICA,CAMIONETA,KIA,CALI,PARTICULAR,NO APLICA,,
HERIDOS,11/16/2020 12:00:00 AM,2020,1899-12-31T12:30:00.000,TARDE,1_LUNES,CHAPINERO SUR,CARRERA 32 VIA BOLO,RURAL,TECNICO,3.49999,-76.31859,INVADIENDO CARRIL,ACOMPAÑANTE CONDUCTOR,CHOQUE,1,NO APLICA,SANTA BARBARA,NO APLICA,NO APLICA,NO APLICA,NO APLICA,NO APLICA,NO APLICA,,
HERIDOS,11/16/2020 12:00:00 AM,2020,1899-12-31T12:30:00.000,TARDE,1_LUNES,CHAPINERO SUR,CARRERA 32 VIA BOLO,RURAL,TECNICO,3.49999,-76.31859,INVADIENDO CARRIL,NO APLICA,CHOQUE,NO APLICA,NO APLICA,NO APLICA,NO APLICA,BUS,HINO,PRADERA,PUBLICO,COODETRANS PALMIRA,,
HERIDOS,11/16/2020 12:00:00 AM,2020,1899-12-31T12:30:00.000,TARDE,1_LUNES,CHAPINERO SUR,CARRERA 32 VIA BOLO,RURAL,TECNICO,3.49999,-76.31859,INVADIENDO CARRIL,ACOMPAÑANTE CONDUCTOR,CHOQUE,1,NO APLICA,FRACTURAS,NO APLICA,NO APLICA,NO APLICA,NO APLICA,NO APLICA,NO APLICA,,
HERIDOS,11/16/2020 12:00:00 AM,2020,1899-12-31T12:30:00.000,TARDE,1_LUNES,CHAPINERO SUR,CARRERA 32 VIA BOLO,RURAL,TECNICO,3.49999,-76.31859,INVADIENDO CARRIL,PASAJERO,CHOQUE,1,NO APLICA,PALMA,NO APLICA,NO APLICA,NO APLICA,NO APLICA,NO APLICA,NO APLICA,,
HERIDOS,11/16/2020 12:00:00 AM,2020,1899-12-31T12:30:00.000,TARDE,1_LUNES,CHAPINERO SUR,CARRERA 32 VIA BOLO,RURAL,TECNICO,3.49999,-76.31859,INVADIENDO CARRIL,PASAJERO,CHOQUE,1,NO APLICA,PALMA,NO APLICA,NO APLICA,NO APLICA,NO APLICA,NO APLICA,NO APLICA,,
HERIDOS,11/16/2020 12:00:00 AM,2020,1899-12-31T12:30:00.000,TARDE,1_LUNES,CHAPINERO SUR,CARRERA 32 VIA BOLO,RURAL,TECNICO,3.49999,-76.31859,INVADIENDO CARRIL,PASAJERO,CHOQUE,1,NO APLICA,PALMA,NO APLICA,NO APLICA,NO APLICA,NO APLICA,NO APLICA,NO APLICA,,
HERIDOS,11/16/2020 12:00:00 AM,2020,1899-12-31T12:30:00.000,TARDE,1_LUNES,CHAPINERO SUR,CARRERA 32 VIA BOLO,RURAL,TECNICO,3.49999,-76.31859,INVADIENDO CARRIL,PASAJERO,CHOQUE,1,NO APLICA,SANTA BARBARA,NO APLICA,NO APLICA,NO APLICA,NO APLICA,NO APLICA,NO APLICA,,
DAÑOS,11/17/2020 12:00:00 AM,2020,1899-12-31T11:05:00.000,MAÑANA,2_MARTES,LAS FLORES,CALLE 30 CARRERA 1,URBANA,TECNICO,3.52133,-76.27818,CONTINUAR LA MARCHA SIN PRECAUCION,NO APLICA,CHOQUE,NO APLICA,NO APLICA,NO APLICA,NO APLICA,CAMION,CHEVROLET,GUACARI,PUBLICO,NO APLICA,,
DAÑOS,11/17/2020 12:00:00 AM,2020,1899-12-31T11:05:00.000,MAÑANA,2_MARTES,LAS FLORES,CALLE 30 CARRERA 1,URBANA,TECNICO,3.52133,-76.27818,CONTINUAR LA MARCHA SIN PRECAUCION,NO APLICA,CHOQUE,NO APLICA,NO APLICA,NO APLICA,NO APLICA,BUS,CHEVROLET,PALMIRA,PUBLICO,LINEAS DEL VALLE,,
DAÑOS,11/18/2020 12:00:00 AM,2020,1899-12-31T09:10:00.000,MAÑANA,3_MIERCOLES,SANTA BARBARA,CALLE 26 CARRERA 46,URBANA,TECNICO,3.5411,-76.29517,PERDIDA DEL CONTROL,NO APLICA,CHOQUE,NO APLICA,NO APLICA,NO APLICA,NO APLICA,AUTOMOVIL,RENAULT,CALI,PARTICULAR,NO APLICA,,
DAÑOS,11/18/2020 12:00:00 AM,2020,1899-12-31T09:10:00.000,MAÑANA,3_MIERCOLES,SANTA BARBARA,CALLE 26 CARRERA 46,URBANA,TECNICO,3.5411,-76.29517,PERDIDA DEL CONTROL,NO APLICA,CHOQUE,NO APLICA,NO APLICA,NO APLICA,NO APLICA,MOTO,YAMAHA,CALI,PARTICULAR,NO APLICA,,
HERIDOS,11/19/2020 12:00:00 AM,2020,1899-12-31T13:30:00.000,TARDE,4_JUEVES,DANUBIO,CALLE 34A CARRERA 17,URBANA,TECNICO,3.53068,-76.28869,DESOBEDECER SEÑALES,NO APLICA,CHOQUE,NO APLICA,NO APLICA,NO APLICA,NO APLICA,CAMIONETA,CHEVROLET,PALMIRA,PARTICULAR,NO APLICA,,
HERIDOS,11/19/2020 12:00:00 AM,2020,1899-12-31T13:30:00.000,TARDE,4_JUEVES,DANUBIO,CALLE 34A CARRERA 17,URBANA,TECNICO,3.53068,-76.28869,DESOBEDECER SEÑALES,MOTOCICLISTA,CHOQUE,1,NO APLICA,RAUL,NO APLICA,MOTO,AKT,DOSQUEBRADAS,PARTICULAR,NO APLICA,,
DAÑOS,11/18/2020 12:00:00 AM,2020,1899-12-31T15:40:00.000,TARDE,3_MIERCOLES,CENTRO,CARRERA 33A CALLE 31,URBANA,TECNICO,3.52874,-76.30433,ADELANTAR CERRANDO,NO APLICA,CHOQUE,NO APLICA,NO APLICA,NO APLICA,NO APLICA,AUTOMOVIL,CHEVROLET,GUACARI,PARTICULAR,NO APLICA,,
DAÑOS,11/18/2020 12:00:00 AM,2020,1899-12-31T15:40:00.000,TARDE,3_MIERCOLES,CENTRO,CARRERA 33A CALLE 31,URBANA,TECNICO,3.52874,-76.30433,ADELANTAR CERRANDO,NO APLICA,CHOQUE,NO APLICA,NO APLICA,NO APLICA,NO APLICA,CAMION,CHEVROLET,YUMBO,PUBLICO,NO APLICA,,
HERIDOS,11/18/2020 12:00:00 AM,2020,1899-12-31T21:10:00.000,NOCHE,3_MIERCOLES,TRINIDAD,CALLE 29 CARRERA 23,URBANA,TECNICO,3.52553,-76.29489,DESOBEDECER SEÑALES,NO APLICA,CHOQUE,NO APLICA,NO APLICA,NO APLICA,NO APLICA,AUTOMOVIL,RENAULT,PALMIRA,PARTICULAR,NO APLICA,,
HERIDOS,11/18/2020 12:00:00 AM,2020,1899-12-31T21:10:00.000,NOCHE,3_MIERCOLES,TRINIDAD,CALLE 29 CARRERA 23,URBANA,TECNICO,3.52553,-76.29489,DESOBEDECER SEÑALES,MOTOCICLISTA,CHOQUE,1,NO APLICA,PALMIRA,NO APLICA,MOTO,HONDA,FLORIDA,PARTICULAR,NO APLICA,,
HERIDOS,11/18/2020 12:00:00 AM,2020,1899-12-31T21:40:00.000,NOCHE,3_MIERCOLES,COLOMBINA,CALLE 28 CARRERA 18,URBANA,TECNICO,3.5243,-76.29071,DESOBEDECER SEÑALES,MOTOCICLISTA,CHOQUE,1,NO APLICA,PALMIRA,NO APLICA,MOTO,HONDA,FLORIDA,PARTICULAR,NO APLICA,,
HERIDOS,11/18/2020 12:00:00 AM,2020,1899-12-31T21:40:00.000,NOCHE,3_MIERCOLES,COLOMBINA,CALLE 28 CARRERA 18,URBANA,TECNICO,3.5243,-76.29071,DESOBEDECER SEÑALES,NO APLICA,CHOQUE,NO APLICA,NO APLICA,NO APLICA,NO APLICA,AUTOMOVIL,CHEVROLET,PALMIRA,PARTICULAR,NO APLICA,,
DAÑOS,11/20/2020 12:00:00 AM,2020,1899-12-31T09:50:00.000,MAÑANA,5_VIERNES,INDUSTRIAL,CALLE 42 CARRERA 34B -144,URBANA,TECNICO,3.53869,-76.30388,ADELANTAR POR LA DERECHA,NO APLICA,CHOQUE,NO APLICA,NO APLICA,NO APLICA,NO APLICA,AUTOMOVIL,CHEVROLET,CALI,PARTICULAR,NO APLICA,,
DAÑOS,11/20/2020 12:00:00 AM,2020,1899-12-31T09:50:00.000,MAÑANA,5_VIERNES,INDUSTRIAL,CALLE 42 CARRERA 34B -144,URBANA,TECNICO,3.53869,-76.30388,ADELANTAR POR LA DERECHA,NO APLICA,CHOQUE,NO APLICA,NO APLICA,NO APLICA,NO APLICA,BUS,CHEVROLET,GUACARI,PUBLICO,EXPRESO MEJIA,,
HERIDOS,11/19/2020 12:00:00 AM,2020,1899-12-31T17:20:00.000,TARDE,4_JUEVES,RECREO,CARRERA 24 CALLE 22,URBANA,TECNICO,3.51972,-76.29586,NO RESPETAR PRELACION,MOTOCICLISTA,CHOQUE,1,NO APLICA,PALMIRA,NO APLICA,MOTO,AUTECO,PRADERA,PARTICULAR,NO APLICA,,
HERIDOS,11/19/2020 12:00:00 AM,2020,1899-12-31T17:20:00.000,TARDE,4_JUEVES,RECREO,CARRERA 24 CALLE 22,URBANA,TECNICO,3.51972,-76.29586,NO RESPETAR PRELACION,NO APLICA,CHOQUE,NO APLICA,NO APLICA,NO APLICA,NO APLICA,CAMPERO,MITSUBISHI,CALI,PARTICULAR,NO APLICA,,
HERIDOS,11/20/2020 12:00:00 AM,2020,1899-12-31T09:20:00.000,MAÑANA,5_VIERNES,URIBE,CALLE 35 CARRRA 22,URBANA,TECNICO,3.53131,-76.29327,DESOBEDECER SEÑALES,MOTOCICLISTA,CHOQUE,1,NO APLICA,PALMA,NO APLICA,MOTO,BAJAJ,FLORIDA,PARTICULAR,NO APLICA,,
HERIDOS,11/20/2020 12:00:00 AM,2020,1899-12-31T09:20:00.000,MAÑANA,5_VIERNES,URIBE,CALLE 35 CARRRA 22,URBANA,TECNICO,3.53131,-76.29327,DESOBEDECER SEÑALES,MOTOCICLISTA,CHOQUE,1,NO APLICA,PALMA,NO APLICA,MOTO,HONDA,GUACARI,PARTICULAR,NO APLICA,,
HERIDOS,11/20/2020 12:00:00 AM,2020,1899-12-31T09:20:00.000,MAÑANA,5_VIERNES,URIBE,CALLE 35 CARRRA 22,URBANA,TECNICO,3.53131,-76.29327,DESOBEDECER SEÑALES,ACOMPAÑANTE MOTOCICLISTA,CHOQUE,1,NO APLICA,PALMA,NO APLICA,NO APLICA,NO APLICA,NO APLICA,NO APLICA,NO APLICA,,
DAÑOS,11/20/2020 12:00:00 AM,2020,1899-12-31T11:30:00.000,MAÑANA,5_VIERNES,OBRERO,CALLE 41 CARRERA 26,URBANA,TECNICO,3.53694,-76.29558,REVERSO IMPRUDENTE,NO APLICA,CHOQUE,NO APLICA,NO APLICA,NO APLICA,NO APLICA,AUTOMOVIL,CHEVROLET,PALMIRA,PARTICULAR,NO APLICA,,
DAÑOS,11/20/2020 12:00:00 AM,2020,1899-12-31T11:30:00.000,MAÑANA,5_VIERNES,OBRERO,CALLE 41 CARRERA 26,URBANA,TECNICO,3.53694,-76.29558,REVERSO IMPRUDENTE,NO APLICA,CHOQUE,NO APLICA,NO APLICA,NO APLICA,NO APLICA,BUS,HINO,PALMIRA,PUBLICO,COODETRANS PALMIRA,,
HERIDOS,11/20/2020 12:00:00 AM,2020,1899-12-31T13:40:00.000,TARDE,5_VIERNES,OBRERO,CARRERA 25 CALLE 35-69,URBANA,TECNICO,3.53193,-76.2955,PERDIDA DEL CONTROL,MOTOCICLISTA,VOLCAMIENTO,1,NO APLICA,FRACTURAS,NO APLICA,MOTO,YAMAHA,CALI,PARTICULAR,NO APLICA,,
DAÑOS,11/20/2020 12:00:00 AM,2020,1899-12-31T20:30:00.000,NOCHE,5_VIERNES,PRADO,CARRERA 41 CALLE 37,URBANA,TECNICO,3.53416,-76.31139,PONER EN MARCHA VEHICULO SIN PRECAUCION,NO APLICA,CHOQUE,NO APLICA,NO APLICA,NO APLICA,NO APLICA,AUTOMOVIL,CHEVROLET,TULUA,PARTICULAR,NO APLICA,,
DAÑOS,11/20/2020 12:00:00 AM,2020,1899-12-31T20:30:00.000,NOCHE,5_VIERNES,PRADO,CARRERA 41 CALLE 37,URBANA,TECNICO,3.53416,-76.31139,PONER EN MARCHA VEHICULO SIN PRECAUCION,NO APLICA,CHOQUE,NO APLICA,NO APLICA,NO APLICA,NO APLICA,AUTOMOVIL,MAZDA,CALI,PARTICULAR,NO APLICA,,
DAÑOS,11/21/2020 12:00:00 AM,2020,1899-12-31T09:43:00.000,MAÑANA,6_SABADO,VIA CALI PALMIRA,ITALCO BODEGA,RURAL,TECNICO,3.51034,-76.40526,REVERSO IMPRUDENTE,NO APLICA,CHOQUE,NO APLICA,NO APLICA,NO APLICA,NO APLICA,TRACTO CAMION,INTERNATIONAL,SABANETA,PUBLICO,NO APLICA,,
DAÑOS,11/21/2020 12:00:00 AM,2020,1899-12-31T09:43:00.000,MAÑANA,6_SABADO,VIA CALI PALMIRA,ITALCO BODEGA,RURAL,TECNICO,3.51034,-76.40526,REVERSO IMPRUDENTE,NO APLICA,CHOQUE,NO APLICA,NO APLICA,NO APLICA,NO APLICA,CAMION,HINO,SOGAMOSO,PUBLICO,NO APLICA,,
HERIDOS,11/16/2020 12:00:00 AM,2020,1899-12-31T13:30:00.000,TARDE,4_JUEVES,URIBE,CALLE 35 CARRERA 23,URBANA,TECNICO,3.53141,-76.29398,DESOBEDECER SEÑALES,NO APLICA,CHOQUE,NO APLICA,NO APLICA,NO APLICA,NO APLICA,CAMIONETA,CHERY,CALI,PARTICULAR,NO APLICA,,
HERIDOS,11/16/2020 12:00:00 AM,2020,1899-12-31T13:30:00.000,TARDE,4_JUEVES,URIBE,CALLE 35 CARRERA 23,URBANA,TECNICO,3.53141,-76.29398,DESOBEDECER SEÑALES,NO APLICA,CHOQUE,NO APLICA,NO APLICA,NO APLICA,NO APLICA,AUTOMOVIL,CHEVROLET,PALMIRA,PUBLICO,TRANS UNIDOS,,
HERIDOS,11/16/2020 12:00:00 AM,2020,1899-12-31T13:30:00.000,TARDE,4_JUEVES,URIBE,CALLE 35 CARRERA 23,URBANA,TECNICO,3.53141,-76.29398,DESOBEDECER SEÑALES,ACOMPAÑANTE CONDUCTOR,CHOQUE,1,NO APLICA,PALMA,NO APLICA,NO APLICA,NO APLICA,NO APLICA,NO APLICA,NO APLICA,,
HERIDOS,11/16/2020 12:00:00 AM,2020,1899-12-31T13:30:00.000,TARDE,4_JUEVES,URIBE,CALLE 35 CARRERA 23,URBANA,TECNICO,3.53141,-76.29398,DESOBEDECER SEÑALES,ACOMPAÑANTE CONDUCTOR,CHOQUE,1,NO APLICA,PALMA,NO APLICA,NO APLICA,NO APLICA,NO APLICA,NO APLICA,NO APLICA,,
HERIDOS,11/20/2020 12:00:00 AM,2020,1899-12-31T15:00:00.000,TARDE,5_VIERNES,CENTRO POBLADO BOLO,SAN ALIZAL KM 2 + 800 MTS LA VIRGEN,RURAL,TECNICO,3.46364,-76.34849,INVACION DE CARRIL,MOTOCICLISTA,CHOQUE,1,NO APLICA,PALMIRA,NO APLICA,MOTO,SUZUKI,CARTAGO,PARTICULAR,NO APLICA,,